
INSERT INTO [dbo].[Skill] (skillId,skillName,skillType)Values ( 'skill001','SQL','Technical')
INSERT INTO [dbo].[Skill] (skillId,skillName,skillType)Values ( 'skill002','R','Technical')
INSERT INTO [dbo].[Skill] (skillId,skillName,skillType)Values ( 'skill003','Data Analysis','Business Analysis')
INSERT INTO [dbo].[Skill] (skillId,skillName,skillType)Values ( 'skill004','Python','Technical')
INSERT INTO [dbo].[Skill] (skillId,skillName,skillType)Values ( 'skill005','Java','Technical')
INSERT INTO [dbo].[Skill] (skillId,skillName,skillType)Values ( 'skill006','Management','Business')
INSERT INTO [dbo].[Skill] (skillId,skillName,skillType)Values ( 'skill007','HTML','Technical')
INSERT INTO [dbo].[Skill] (skillId,skillName,skillType)Values ( 'skill008','C++','Technical')
INSERT INTO [dbo].[Skill] (skillId,skillName,skillType)Values ( 'skill009','Linux','Technical')
INSERT INTO [dbo].[Skill] (skillId,skillName,skillType)Values ( 'skill010','VMware','Technical')
INSERT INTO [dbo].[Skill] (skillId,skillName,skillType)Values ( 'skill011','Office','Ms')
INSERT INTO [dbo].[Skill] (skillId,skillName,skillType)Values ( 'skill012','Visio','Ms')
INSERT INTO [dbo].[Skill] (skillId,skillName,skillType)Values ( 'skill013','SSRS','Technical')
INSERT INTO [dbo].[Skill] (skillId,skillName,skillType)Values ( 'skill014','Visual Basic','Technical')
INSERT INTO [dbo].[Skill] (skillId,skillName,skillType)Values ( 'skill015','ERP(SAP, NetSuite, Quickbook)','Accounting')
INSERT INTO [dbo].[Skill] (skillId,skillName,skillType)Values ( 'skill016','Tableau','Statistics')
INSERT INTO [dbo].[Skill] (skillId,skillName,skillType)Values ( 'skill017','Matlab','Techinical')
INSERT INTO [dbo].[Skill] (skillId,skillName,skillType)Values ( 'skill018','C','Techinical')
INSERT INTO [dbo].[Skill] (skillId,skillName,skillType)Values ( 'skill019','C# (Asp.Net,MVC)','Techinical')
INSERT INTO [dbo].[Skill] (skillId,skillName,skillType)Values ( 'skill020','Cyber_Security','Technical')
INSERT INTO [dbo].[Skill] (skillId,skillName,skillType)Values ( 'skill021','ITIL','Technical')
INSERT INTO [dbo].[Skill] (skillId,skillName,skillType)Values ( 'skill022','Data Mining','Technical')
INSERT INTO [dbo].[Skill] (skillId,skillName,skillType)Values ( 'skill023','Hadoop','Technical')
INSERT INTO [dbo].[Skill] (skillId,skillName,skillType)Values ( 'skill024','Machine Learning ','Technical')
INSERT INTO [dbo].[Skill] (skillId,skillName,skillType)Values ( 'skill025','SAP','Technical')
INSERT INTO [dbo].[Skill] (skillId,skillName,skillType)Values ( 'skill026','NumPy','Technical')
INSERT INTO [dbo].[Skill] (skillId,skillName,skillType)Values ( 'skill027','SAS','Technical')
INSERT INTO [dbo].[Skill] (skillId,skillName,skillType)Values ( 'skill028','Data Modeling','Technical')
INSERT INTO [dbo].[Skill] (skillId,skillName,skillType)Values ( 'skill029','Salesforce','Technical')

INSERT INTO [dbo].[Company] (comId,comName,industry,comCapital)Values ( 'com000','Not Employed','Not Employed',' ')
INSERT INTO [dbo].[Company] (comId,comName,industry,comCapital)Values ( 'com001','Paradyme Management, Inc.','Technical',' ')
INSERT INTO [dbo].[Company] (comId,comName,industry,comCapital)Values ( 'com002','Argus','Internet',' ')
INSERT INTO [dbo].[Company] (comId,comName,industry,comCapital)Values ( 'com003','Johnson & Johnson','Internet',' ')
INSERT INTO [dbo].[Company] (comId,comName,industry,comCapital)Values ( 'com004','DrFirst, Inc','Internet',' ')
INSERT INTO [dbo].[Company] (comId,comName,industry,comCapital)Values ( 'com005','Clarabridge','CRM',' ')
INSERT INTO [dbo].[Company] (comId,comName,industry,comCapital)Values ( 'com006','PI Analytics','Technical',' ')
INSERT INTO [dbo].[Company] (comId,comName,industry,comCapital)Values ( 'com007','Deloitte','Consulting & Audit',' ')
INSERT INTO [dbo].[Company] (comId,comName,industry,comCapital)Values ( 'com008','Opower','Technical',' ')
INSERT INTO [dbo].[Company] (comId,comName,industry,comCapital)Values ( 'com009','comScore, Inc','Technical',' ')
INSERT INTO [dbo].[Company] (comId,comName,industry,comCapital)Values ( 'com010','IBM','Technical',' ')
INSERT INTO [dbo].[Company] (comId,comName,industry,comCapital)Values ( 'com011','Hilton','Tourism',' ')
INSERT INTO [dbo].[Company] (comId,comName,industry,comCapital)Values ( 'com012','PayPal','Finance',' ')
INSERT INTO [dbo].[Company] (comId,comName,industry,comCapital)Values ( 'com013','Adobe','Technical',' ')
INSERT INTO [dbo].[Company] (comId,comName,industry,comCapital)Values ( 'com014','Fannie Mae','Mortage',' ')
INSERT INTO [dbo].[Company] (comId,comName,industry,comCapital)Values ( 'com015','Wayfair','Technical',' ')
INSERT INTO [dbo].[Company] (comId,comName,industry,comCapital)Values ( 'com016','RapidAdvance','Technical',' ')
INSERT INTO [dbo].[Company] (comId,comName,industry,comCapital)Values ( 'com017','SEMrush','Marketing',' ')
INSERT INTO [dbo].[Company] (comId,comName,industry,comCapital)Values ( 'com018','Blue Nile','Technical',' ')
INSERT INTO [dbo].[Company] (comId,comName,industry,comCapital)Values ( 'com019','Salesforce','Technical',' ')
INSERT INTO [dbo].[Company] (comId,comName,industry,comCapital)Values ( 'com020','MetiStream','Technical',' ')
INSERT INTO [dbo].[Company] (comId,comName,industry,comCapital)Values ( 'com021','Inovalon','Internet',' ')
INSERT INTO [dbo].[Company] (comId,comName,industry,comCapital)Values ( 'com022','NETE','Consulting',' ')
INSERT INTO [dbo].[Company] (comId,comName,industry,comCapital)Values ( 'com023','Armanino','Accounting',' ')
INSERT INTO [dbo].[Company] (comId,comName,industry,comCapital)Values ( 'com024','PFP Cybersecurty','Internet',' ')
INSERT INTO [dbo].[Company] (comId,comName,industry,comCapital)Values ( 'com025','Avalere Health','Consulting',' ')
INSERT INTO [dbo].[Company] (comId,comName,industry,comCapital)Values ( 'com026','Capital One','Banking',' ')
INSERT INTO [dbo].[Company] (comId,comName,industry,comCapital)Values ( 'com027','Expedia Group','Tourism',' ')
INSERT INTO [dbo].[Company] (comId,comName,industry,comCapital)Values ( 'com028','USTA','Sport',' ')
INSERT INTO [dbo].[Company] (comId,comName,industry,comCapital)Values ( 'com029','ANSYS, Inc.','Technical',' ')
INSERT INTO [dbo].[Company] (comId,comName,industry,comCapital)Values ( 'com030','Lauteate Int Universities','Education',' ')
INSERT INTO [dbo].[Company] (comId,comName,industry,comCapital)Values ( 'com031','Cvent,Inc','Internet',' ')
INSERT INTO [dbo].[Company] (comId,comName,industry,comCapital)Values ( 'com032','ProKarma','Technical',' ')
INSERT INTO [dbo].[Company] (comId,comName,industry,comCapital)Values ( 'com033','MicroStrategy','Technical',' ')
INSERT INTO [dbo].[Company] (comId,comName,industry,comCapital)Values ( 'com034','CBIT','Tourism',' ')
INSERT INTO [dbo].[Company] (comId,comName,industry,comCapital)Values ( 'com035','Mercury Associates, Inc.','Consulting',' ')
INSERT INTO [dbo].[Company] (comId,comName,industry,comCapital)Values ( 'com036','KPMG','Consulting & Audit',' ')
INSERT INTO [dbo].[Company] (comId,comName,industry,comCapital)Values ( 'com037','High Radius','Consulting',' ')
INSERT INTO [dbo].[Company] (comId,comName,industry,comCapital)Values ( 'com038','CFA Society Philadelphia','Finance',' ')
INSERT INTO [dbo].[Company] (comId,comName,industry,comCapital)Values ( 'com039','China Telecom Americas','Telecom',' ')
INSERT INTO [dbo].[Company] (comId,comName,industry,comCapital)Values ( 'com040','Frontpoint','Technical',' ')
INSERT INTO [dbo].[Company] (comId,comName,industry,comCapital)Values ( 'com041','Itlize Global LLC','Consulting',' ')
INSERT INTO [dbo].[Company] (comId,comName,industry,comCapital)Values ( 'com042','Vheda Health','Healthcare',' ')
INSERT INTO [dbo].[Company] (comId,comName,industry,comCapital)Values ( 'com043','Paradyme Management Inc.','Consulting',' ')
INSERT INTO [dbo].[Company] (comId,comName,industry,comCapital)Values ( 'com044','Merkle','Marketing',' ')
INSERT INTO [dbo].[Company] (comId,comName,industry,comCapital)Values ( 'com045','Bite Inc','Technical',' ')
INSERT INTO [dbo].[Company] (comId,comName,industry,comCapital)Values ( 'com046','Structured Finance Industry Group, Inc.','Finance',' ')
INSERT INTO [dbo].[Company] (comId,comName,industry,comCapital)Values ( 'com047','Breakout Capital Finance, LLC','Finance',' ')
INSERT INTO [dbo].[Company] (comId,comName,industry,comCapital)Values ( 'com048','Melax','Technical',' ')
INSERT INTO [dbo].[Company] (comId,comName,industry,comCapital)Values ( 'com049','Saphlux','Manufacturing',' ')
INSERT INTO [dbo].[Company] (comId,comName,industry,comCapital)Values ( 'com050','PRA Group','Finance',' ')
INSERT INTO [dbo].[Company] (comId,comName,industry,comCapital)Values ( 'com051','HighPoint Solutions','Technical',' ')
INSERT INTO [dbo].[Company] (comId,comName,industry,comCapital)Values ( 'com052','Paradyme Management Inc.','Consulting',' ')
INSERT INTO [dbo].[Company] (comId,comName,industry,comCapital)Values ( 'com053','Black Rock','Consulting',' ')
INSERT INTO [dbo].[Company] (comId,comName,industry,comCapital)Values ( 'com054','Fareportal','Tourism',' ')
INSERT INTO [dbo].[Company] (comId,comName,industry,comCapital)Values ( 'com055','Sprint','Technical',' ')
INSERT INTO [dbo].[Company] (comId,comName,industry,comCapital)Values ( 'com056','Facebook','Technical',' ')
INSERT INTO [dbo].[Company] (comId,comName,industry,comCapital)Values ( 'com057','Whitaker Brothers','Hardware',' ')
INSERT INTO [dbo].[Company] (comId,comName,industry,comCapital)Values ( 'com058','The Nature Bounty Co.','Medical',' ')
INSERT INTO [dbo].[Company] (comId,comName,industry,comCapital)Values ( 'com059','ResMed','Healthcare',' ')
INSERT INTO [dbo].[Company] (comId,comName,industry,comCapital)Values ( 'com060','Creative Systems and Consulting','Consulting',' ')
INSERT INTO [dbo].[Company] (comId,comName,industry,comCapital)Values ( 'com061','T and T Consulting Services, Inc','Consulting',' ')
INSERT INTO [dbo].[Company] (comId,comName,industry,comCapital)Values ( 'com062','Decision Resource Group','Consulting',' ')
INSERT INTO [dbo].[Company] (comId,comName,industry,comCapital)Values ( 'com063','DSFederal, lnc','Technical',' ')
INSERT INTO [dbo].[Company] (comId,comName,industry,comCapital)Values ( 'com064','Microsoft','Technical',' ')
INSERT INTO [dbo].[Company] (comId,comName,industry,comCapital)Values ( 'com065','PNC','Banking',' ')
INSERT INTO [dbo].[Company] (comId,comName,industry,comCapital)Values ( 'com066','Apple, Inc.','Technical',' ')
INSERT INTO [dbo].[Company] (comId,comName,industry,comCapital)Values ( 'com067','PenFed Credit Union','Finance',' ')
INSERT INTO [dbo].[Company] (comId,comName,industry,comCapital)Values ( 'com068','PlayStation','Gaming',' ')
INSERT INTO [dbo].[Company] (comId,comName,industry,comCapital)Values ( 'com069','CCACC','Non-profit',' ')
INSERT INTO [dbo].[Company] (comId,comName,industry,comCapital)Values ( 'com070','Equifax','Technical',' ')
INSERT INTO [dbo].[Company] (comId,comName,industry,comCapital)Values ( 'com071','PwC','Consult',' ')
INSERT INTO [dbo].[Company] (comId,comName,industry,comCapital)Values ( 'com072','Grand Circle Corporation','Tourism',' ')
INSERT INTO [dbo].[Company] (comId,comName,industry,comCapital)Values ( 'com073','American Credit Acceptance','Finance',' ')
INSERT INTO [dbo].[Company] (comId,comName,industry,comCapital)Values ( 'com074','Ford Motor Company','Manufacturing',' ')
INSERT INTO [dbo].[Company] (comId,comName,industry,comCapital)Values ( 'com075','Thales','Technical',' ')
INSERT INTO [dbo].[Company] (comId,comName,industry,comCapital)Values ( 'com076','National Cancer Institute (NCI)','Healthcare',' ')
INSERT INTO [dbo].[Company] (comId,comName,industry,comCapital)Values ( 'com077','TE Connectivity','Internet',' ')
INSERT INTO [dbo].[Company] (comId,comName,industry,comCapital)Values ( 'com078','SAP','internet',' ')
INSERT INTO [dbo].[Company] (comId,comName,industry,comCapital)Values ( 'com079','United Solutions, LLC','Consulting',' ')
INSERT INTO [dbo].[Company] (comId,comName,industry,comCapital)Values ( 'com080','SGT','Technical',' ')
INSERT INTO [dbo].[Company] (comId,comName,industry,comCapital)Values ( 'com081','a2z, Inc','Technical',' ')
INSERT INTO [dbo].[Company] (comId,comName,industry,comCapital)Values ( 'com082','CardinalCommerce','Financial',' ')
INSERT INTO [dbo].[Company] (comId,comName,industry,comCapital)Values ( 'com083','Stanley Black & Decker, Inc.','Hardware',' ')
INSERT INTO [dbo].[Company] (comId,comName,industry,comCapital)Values ( 'com084','Walmart Labs','Technical',' ')
INSERT INTO [dbo].[Company] (comId,comName,industry,comCapital)Values ( 'com085','Cottage Hill Nursery Inc','Argriculture',' ')
INSERT INTO [dbo].[Company] (comId,comName,industry,comCapital)Values ( 'com086','Cisco','Technical',' ')
INSERT INTO [dbo].[Company] (comId,comName,industry,comCapital)Values ( 'com087','EY','Accounting',' ')
INSERT INTO [dbo].[Company] (comId,comName,industry,comCapital)Values ( 'com088','Fortinet','Technical',' ')
INSERT INTO [dbo].[Company] (comId,comName,industry,comCapital)Values ( 'com089','Bank of America','Banking',' ')
INSERT INTO [dbo].[Company] (comId,comName,industry,comCapital)Values ( 'com090','Booz Allen','Technical',' ')
INSERT INTO [dbo].[Company] (comId,comName,industry,comCapital)Values ( 'com091','Lime','Bike',' ')
INSERT INTO [dbo].[Company] (comId,comName,industry,comCapital)Values ( 'com092','AultCare','Health Payment',' ')
INSERT INTO [dbo].[Company] (comId,comName,industry,comCapital)Values ( 'com093','Microsoft','Technical',' ')
INSERT INTO [dbo].[Company] (comId,comName,industry,comCapital)Values ( 'com094','Discover Financial Service','Financial',' ')
INSERT INTO [dbo].[Company] (comId,comName,industry,comCapital)Values ( 'com095','Grainger','Business',' ')
INSERT INTO [dbo].[Company] (comId,comName,industry,comCapital)Values ( 'com096','Point72','Consulting',' ')
INSERT INTO [dbo].[Company] (comId,comName,industry,comCapital)Values ( 'com097','Freddie Mac','Financial',' ')
INSERT INTO [dbo].[Company] (comId,comName,industry,comCapital)Values ( 'com098','ICF','Consulting',' ')
INSERT INTO [dbo].[Company] (comId,comName,industry,comCapital)Values ( 'com099','SAIC','Consulting',' ')
INSERT INTO [dbo].[Company] (comId,comName,industry,comCapital)Values ( 'com100','JPMorgan &Chase','Financial',' ')
INSERT INTO [dbo].[Company] (comId,comName,industry,comCapital)Values ( 'com101','CNSI','Consulting',' ')
INSERT INTO [dbo].[Company] (comId,comName,industry,comCapital)Values ( 'com102','Google','Technical',' ')

INSERT INTO [dbo].[Location] (locId,city,locState)Values ( 'loc000','Unknown','Unknown')
INSERT INTO [dbo].[Location] (locId,city,locState)Values ( 'loc001','Greenbelt','MD')
INSERT INTO [dbo].[Location] (locId,city,locState)Values ( 'loc002','Beijing','Beijing')
INSERT INTO [dbo].[Location] (locId,city,locState)Values ( 'loc003','Rockville','MD')
INSERT INTO [dbo].[Location] (locId,city,locState)Values ( 'loc004','Reston','VA')
INSERT INTO [dbo].[Location] (locId,city,locState)Values ( 'loc005','Olney','MD')
INSERT INTO [dbo].[Location] (locId,city,locState)Values ( 'loc006','Arlington','VA')
INSERT INTO [dbo].[Location] (locId,city,locState)Values ( 'loc007','Rosslyn','VA')
INSERT INTO [dbo].[Location] (locId,city,locState)Values ( 'loc008','Washinton','DC')
INSERT INTO [dbo].[Location] (locId,city,locState)Values ( 'loc009','San Jose','CA')
INSERT INTO [dbo].[Location] (locId,city,locState)Values ( 'loc010','Boston','MA')
INSERT INTO [dbo].[Location] (locId,city,locState)Values ( 'loc011','Bethesda','MD')
INSERT INTO [dbo].[Location] (locId,city,locState)Values ( 'loc012','Feasterville','PA')
INSERT INTO [dbo].[Location] (locId,city,locState)Values ( 'loc013','Seattle','WA')
INSERT INTO [dbo].[Location] (locId,city,locState)Values ( 'loc014','Indianapolis','IN')
INSERT INTO [dbo].[Location] (locId,city,locState)Values ( 'loc015','McLean','VA')
INSERT INTO [dbo].[Location] (locId,city,locState)Values ( 'loc016','San Francisco','CA')
INSERT INTO [dbo].[Location] (locId,city,locState)Values ( 'loc017','Vienna','VA')
INSERT INTO [dbo].[Location] (locId,city,locState)Values ( 'loc018','New York City','NY')
INSERT INTO [dbo].[Location] (locId,city,locState)Values ( 'loc019','Pittsburgh','PA')
INSERT INTO [dbo].[Location] (locId,city,locState)Values ( 'loc020','Columbia','MD')
INSERT INTO [dbo].[Location] (locId,city,locState)Values ( 'loc021','Omaha','NE')
INSERT INTO [dbo].[Location] (locId,city,locState)Values ( 'loc022','Tysons','VA')
INSERT INTO [dbo].[Location] (locId,city,locState)Values ( 'loc023','Philadelphia','PA')
INSERT INTO [dbo].[Location] (locId,city,locState)Values ( 'loc024','Bowie','MD')
INSERT INTO [dbo].[Location] (locId,city,locState)Values ( 'loc025','Piscataway','NJ')
INSERT INTO [dbo].[Location] (locId,city,locState)Values ( 'loc026','Houston','TX')
INSERT INTO [dbo].[Location] (locId,city,locState)Values ( 'loc027','Branford','CT')
INSERT INTO [dbo].[Location] (locId,city,locState)Values ( 'loc028','Norfolk','VA')
INSERT INTO [dbo].[Location] (locId,city,locState)Values ( 'loc029','Wilmington','DE')
INSERT INTO [dbo].[Location] (locId,city,locState)Values ( 'loc030','Denvor','CO')
INSERT INTO [dbo].[Location] (locId,city,locState)Values ( 'loc031','San Diego ','CA')
INSERT INTO [dbo].[Location] (locId,city,locState)Values ( 'loc032','Falls Church','VA')
INSERT INTO [dbo].[Location] (locId,city,locState)Values ( 'loc033','Bellevue','WA')
INSERT INTO [dbo].[Location] (locId,city,locState)Values ( 'loc034','Lake Mary','FL')
INSERT INTO [dbo].[Location] (locId,city,locState)Values ( 'loc035','Los Angeles','CA')
INSERT INTO [dbo].[Location] (locId,city,locState)Values ( 'loc036','Gaithersburg','MD')
INSERT INTO [dbo].[Location] (locId,city,locState)Values ( 'loc037','Alpharetta','GA')
INSERT INTO [dbo].[Location] (locId,city,locState)Values ( 'loc038','Greenville','SC')
INSERT INTO [dbo].[Location] (locId,city,locState)Values ( 'loc039','Dearborn','MI')
INSERT INTO [dbo].[Location] (locId,city,locState)Values ( 'loc040','Berwyn','PA')
INSERT INTO [dbo].[Location] (locId,city,locState)Values ( 'loc041','Redmond','WA')
INSERT INTO [dbo].[Location] (locId,city,locState)Values ( 'loc042','Cleveland','OH')
INSERT INTO [dbo].[Location] (locId,city,locState)Values ( 'loc043','Dallas','TX')
INSERT INTO [dbo].[Location] (locId,city,locState)Values ( 'loc044','Balimore','MD')
INSERT INTO [dbo].[Location] (locId,city,locState)Values ( 'loc045','Sunnyvale','CA')
INSERT INTO [dbo].[Location] (locId,city,locState)Values ( 'loc046','Irvington','AL')
INSERT INTO [dbo].[Location] (locId,city,locState)Values ( 'loc047','Canton','OH')
INSERT INTO [dbo].[Location] (locId,city,locState)Values ( 'loc048','Riverwoods','IL')
INSERT INTO [dbo].[Location] (locId,city,locState)Values ( 'loc049','Chicago','IL')
INSERT INTO [dbo].[Location] (locId,city,locState)Values ( 'loc050','Stamford','CT')
INSERT INTO [dbo].[Location] (locId,city,locState)Values ( 'loc051','Lansing','MI')

INSERT INTO [dbo].[LocatedIn] (comId,locId)Values ( 'com000','loc000')
INSERT INTO [dbo].[LocatedIn] (comId,locId)Values ( 'com001','loc001')
INSERT INTO [dbo].[LocatedIn] (comId,locId)Values ( 'com002','loc018')
INSERT INTO [dbo].[LocatedIn] (comId,locId)Values ( 'com003','loc002')
INSERT INTO [dbo].[LocatedIn] (comId,locId)Values ( 'com004','loc003')
INSERT INTO [dbo].[LocatedIn] (comId,locId)Values ( 'com005','loc004')
INSERT INTO [dbo].[LocatedIn] (comId,locId)Values ( 'com006','loc005')
INSERT INTO [dbo].[LocatedIn] (comId,locId)Values ( 'com008','loc006')
INSERT INTO [dbo].[LocatedIn] (comId,locId)Values ( 'com007','loc007')
INSERT INTO [dbo].[LocatedIn] (comId,locId)Values ( 'com009','loc004')
INSERT INTO [dbo].[LocatedIn] (comId,locId)Values ( 'com010','loc008')
INSERT INTO [dbo].[LocatedIn] (comId,locId)Values ( 'com007','loc008')
INSERT INTO [dbo].[LocatedIn] (comId,locId)Values ( 'com012','loc009')
INSERT INTO [dbo].[LocatedIn] (comId,locId)Values ( 'com011','loc008')
INSERT INTO [dbo].[LocatedIn] (comId,locId)Values ( 'com013','loc009')
INSERT INTO [dbo].[LocatedIn] (comId,locId)Values ( 'com014','loc008')
INSERT INTO [dbo].[LocatedIn] (comId,locId)Values ( 'com015','loc010')
INSERT INTO [dbo].[LocatedIn] (comId,locId)Values ( 'com016','loc011')
INSERT INTO [dbo].[LocatedIn] (comId,locId)Values ( 'com017','loc012')
INSERT INTO [dbo].[LocatedIn] (comId,locId)Values ( 'com013','loc013')
INSERT INTO [dbo].[LocatedIn] (comId,locId)Values ( 'com019','loc014')
INSERT INTO [dbo].[LocatedIn] (comId,locId)Values ( 'com020','loc015')
INSERT INTO [dbo].[LocatedIn] (comId,locId)Values ( 'com021','loc008')
INSERT INTO [dbo].[LocatedIn] (comId,locId)Values ( 'com022','loc008')
INSERT INTO [dbo].[LocatedIn] (comId,locId)Values ( 'com023','loc016')
INSERT INTO [dbo].[LocatedIn] (comId,locId)Values ( 'com024','loc017')
INSERT INTO [dbo].[LocatedIn] (comId,locId)Values ( 'com025','loc008')
INSERT INTO [dbo].[LocatedIn] (comId,locId)Values ( 'com026','loc008')
INSERT INTO [dbo].[LocatedIn] (comId,locId)Values ( 'com027','loc013')
INSERT INTO [dbo].[LocatedIn] (comId,locId)Values ( 'com028','loc018')
INSERT INTO [dbo].[LocatedIn] (comId,locId)Values ( 'com030','loc020')
INSERT INTO [dbo].[LocatedIn] (comId,locId)Values ( 'com029','loc019')
INSERT INTO [dbo].[LocatedIn] (comId,locId)Values ( 'com031','loc008')
INSERT INTO [dbo].[LocatedIn] (comId,locId)Values ( 'com033','loc022')
INSERT INTO [dbo].[LocatedIn] (comId,locId)Values ( 'com032','loc021')
INSERT INTO [dbo].[LocatedIn] (comId,locId)Values ( 'com019','loc016')
INSERT INTO [dbo].[LocatedIn] (comId,locId)Values ( 'com034','loc015')
INSERT INTO [dbo].[LocatedIn] (comId,locId)Values ( 'com035','loc003')
INSERT INTO [dbo].[LocatedIn] (comId,locId)Values ( 'com037','loc008')
INSERT INTO [dbo].[LocatedIn] (comId,locId)Values ( 'com036','loc000')
INSERT INTO [dbo].[LocatedIn] (comId,locId)Values ( 'com038','loc023')
INSERT INTO [dbo].[LocatedIn] (comId,locId)Values ( 'com039','loc000')
INSERT INTO [dbo].[LocatedIn] (comId,locId)Values ( 'com026','loc015')
INSERT INTO [dbo].[LocatedIn] (comId,locId)Values ( 'com040','loc008')
INSERT INTO [dbo].[LocatedIn] (comId,locId)Values ( 'com041','loc025')
INSERT INTO [dbo].[LocatedIn] (comId,locId)Values ( 'com042','loc020')
INSERT INTO [dbo].[LocatedIn] (comId,locId)Values ( 'com043','loc001')
INSERT INTO [dbo].[LocatedIn] (comId,locId)Values ( 'com044','loc020')
INSERT INTO [dbo].[LocatedIn] (comId,locId)Values ( 'com045','loc018')
INSERT INTO [dbo].[LocatedIn] (comId,locId)Values ( 'com046','loc008')
INSERT INTO [dbo].[LocatedIn] (comId,locId)Values ( 'com047','loc015')
INSERT INTO [dbo].[LocatedIn] (comId,locId)Values ( 'com021','loc024')
INSERT INTO [dbo].[LocatedIn] (comId,locId)Values ( 'com050','loc028')
INSERT INTO [dbo].[LocatedIn] (comId,locId)Values ( 'com051','loc018')
INSERT INTO [dbo].[LocatedIn] (comId,locId)Values ( 'com052','loc001')
INSERT INTO [dbo].[LocatedIn] (comId,locId)Values ( 'com054','loc018')
INSERT INTO [dbo].[LocatedIn] (comId,locId)Values ( 'com048','loc026')
INSERT INTO [dbo].[LocatedIn] (comId,locId)Values ( 'com049','loc027')
INSERT INTO [dbo].[LocatedIn] (comId,locId)Values ( 'com053','loc029')
INSERT INTO [dbo].[LocatedIn] (comId,locId)Values ( 'com055','loc030')
INSERT INTO [dbo].[LocatedIn] (comId,locId)Values ( 'com056','loc013')
INSERT INTO [dbo].[LocatedIn] (comId,locId)Values ( 'com057','loc003')
INSERT INTO [dbo].[LocatedIn] (comId,locId)Values ( 'com058','loc018')
INSERT INTO [dbo].[LocatedIn] (comId,locId)Values ( 'com031','loc049')
INSERT INTO [dbo].[LocatedIn] (comId,locId)Values ( 'com060','loc015')
INSERT INTO [dbo].[LocatedIn] (comId,locId)Values ( 'com061','loc032')
INSERT INTO [dbo].[LocatedIn] (comId,locId)Values ( 'com036','loc008')
INSERT INTO [dbo].[LocatedIn] (comId,locId)Values ( 'com062','loc010')
INSERT INTO [dbo].[LocatedIn] (comId,locId)Values ( 'com063','loc003')
INSERT INTO [dbo].[LocatedIn] (comId,locId)Values ( 'com065','loc019')
INSERT INTO [dbo].[LocatedIn] (comId,locId)Values ( 'com066','loc016')
INSERT INTO [dbo].[LocatedIn] (comId,locId)Values ( 'com033','loc008')
INSERT INTO [dbo].[LocatedIn] (comId,locId)Values ( 'com067','loc015')
INSERT INTO [dbo].[LocatedIn] (comId,locId)Values ( 'com068','loc035')
INSERT INTO [dbo].[LocatedIn] (comId,locId)Values ( 'com069','loc036')
INSERT INTO [dbo].[LocatedIn] (comId,locId)Values ( 'com070','loc037')
INSERT INTO [dbo].[LocatedIn] (comId,locId)Values ( 'com071','loc018')
INSERT INTO [dbo].[LocatedIn] (comId,locId)Values ( 'com072','loc010')
INSERT INTO [dbo].[LocatedIn] (comId,locId)Values ( 'com073','loc038')
INSERT INTO [dbo].[LocatedIn] (comId,locId)Values ( 'com074','loc039')
INSERT INTO [dbo].[LocatedIn] (comId,locId)Values ( 'com075','loc018')
INSERT INTO [dbo].[LocatedIn] (comId,locId)Values ( 'com076','loc003')
INSERT INTO [dbo].[LocatedIn] (comId,locId)Values ( 'com071','loc015')
INSERT INTO [dbo].[LocatedIn] (comId,locId)Values ( 'com077','loc040')
INSERT INTO [dbo].[LocatedIn] (comId,locId)Values ( 'com078','loc008')
INSERT INTO [dbo].[LocatedIn] (comId,locId)Values ( 'com079','loc003')
INSERT INTO [dbo].[LocatedIn] (comId,locId)Values ( 'com018','loc013')
INSERT INTO [dbo].[LocatedIn] (comId,locId)Values ( 'com064','loc041')
INSERT INTO [dbo].[LocatedIn] (comId,locId)Values ( 'com080','loc001')
INSERT INTO [dbo].[LocatedIn] (comId,locId)Values ( 'com082','loc042')
INSERT INTO [dbo].[LocatedIn] (comId,locId)Values ( 'com007','loc043')
INSERT INTO [dbo].[LocatedIn] (comId,locId)Values ( 'com083','loc044')
INSERT INTO [dbo].[LocatedIn] (comId,locId)Values ( 'com084','loc045')
INSERT INTO [dbo].[LocatedIn] (comId,locId)Values ( 'com085','loc046')
INSERT INTO [dbo].[LocatedIn] (comId,locId)Values ( 'com086','loc016')
INSERT INTO [dbo].[LocatedIn] (comId,locId)Values ( 'com087','loc022')
INSERT INTO [dbo].[LocatedIn] (comId,locId)Values ( 'com088','loc016')
INSERT INTO [dbo].[LocatedIn] (comId,locId)Values ( 'com089','loc023')
INSERT INTO [dbo].[LocatedIn] (comId,locId)Values ( 'com090','loc008')
INSERT INTO [dbo].[LocatedIn] (comId,locId)Values ( 'com091','loc016')
INSERT INTO [dbo].[LocatedIn] (comId,locId)Values ( 'com092','loc047')
INSERT INTO [dbo].[LocatedIn] (comId,locId)Values ( 'com093','loc033')
INSERT INTO [dbo].[LocatedIn] (comId,locId)Values ( 'com084','loc004')
INSERT INTO [dbo].[LocatedIn] (comId,locId)Values ( 'com094','loc048')
INSERT INTO [dbo].[LocatedIn] (comId,locId)Values ( 'com071','loc016')
INSERT INTO [dbo].[LocatedIn] (comId,locId)Values ( 'com009','loc008')
INSERT INTO [dbo].[LocatedIn] (comId,locId)Values ( 'com095','loc049')
INSERT INTO [dbo].[LocatedIn] (comId,locId)Values ( 'com096','loc050')
INSERT INTO [dbo].[LocatedIn] (comId,locId)Values ( 'com097','loc015')
INSERT INTO [dbo].[LocatedIn] (comId,locId)Values ( 'com098','loc008')
INSERT INTO [dbo].[LocatedIn] (comId,locId)Values ( 'com099','loc015')
INSERT INTO [dbo].[LocatedIn] (comId,locId)Values ( 'com100','loc029')
INSERT INTO [dbo].[LocatedIn] (comId,locId)Values ( 'com087','loc029')
INSERT INTO [dbo].[LocatedIn] (comId,locId)Values ( 'com007','loc044')

INSERT INTO [dbo].[JobRole] (jobId, jobTitle, jobDescription)Values ( 'job000','Not Employed','no job')
INSERT INTO [dbo].[JobRole] (jobId, jobTitle, jobDescription)Values ( 'job001','Technical Analyst','A technical analyst, or technician, is a securities researcher who analyzes investments based on past market prices and technical indicators. Technicians believe that short-term price movements are the result of supply and demand forces in the market for a given security.')
INSERT INTO [dbo].[JobRole] (jobId, jobTitle, jobDescription)Values ( 'job002','Product Manager','A product manager is a professional role which is responsible for the development of products for an organization, known as the practice of product management.')
INSERT INTO [dbo].[JobRole] (jobId, jobTitle, jobDescription)Values ( 'job003','Data Engineer','Data engineers are the plumbers building a data pipeline, while data scientists are the painters and storytellers giving meaning to an otherwise static entity. Simply put, data engineers clean, prepare and optimize data for consumption.')
INSERT INTO [dbo].[JobRole] (jobId, jobTitle, jobDescription)Values ( 'job004','Data Quality RM','Data quality refers to the condition of a set of values of qualitative or quantitative variables.')
INSERT INTO [dbo].[JobRole] (jobId, jobTitle, jobDescription)Values ( 'job005','Senior Devops Engineer','There no formal career track for becoming a DevOps engineer. They are either developers who get interested in deployment and network operations, or sysadmins who have a passion for scripting and coding, and move into the development side where they can improve the planning of test and deployment.')
INSERT INTO [dbo].[JobRole] (jobId, jobTitle, jobDescription)Values ( 'job006','Senior Consultant','A consultant is a professional who provides expert advice in a particular area such as security, management, education, accountancy, law, human resources, marketing, finance, engineering, science or any of many other specialized fields')
INSERT INTO [dbo].[JobRole] (jobId, jobTitle, jobDescription)Values ( 'job007','Advisory Consultant','In Risk and Financial Advisory, we work with CFOs and other corporate leadership to reduce, manage, and mitigate risk. We do this by helping clients improve processes and procedures in areas such as audit, regulatory compliance, mergers and acquisitions, cyber security, and technology.')
INSERT INTO [dbo].[JobRole] (jobId, jobTitle, jobDescription)Values ( 'job008','Technical Project Manager','Technical Project Management is the ability to support the management of an IT initiative from a concept through to a concrete deliverable as a project with specialist technical knowledge. Working with a project requires that we have clear goals, a defined scope and a definite start and end.')
INSERT INTO [dbo].[JobRole] (jobId, jobTitle, jobDescription)Values ( 'job009','Data Scientist','Data scientists are a new breed of analytical data expert who have the technical skills to solve complex problems – and the curiosity to explore what problems need to be solved. They Are part mathematician, part computer scientist and part trend-spotter.')
INSERT INTO [dbo].[JobRole] (jobId, jobTitle, jobDescription)Values ( 'job010','Business Analyst','A business analyst (BA) is someone who analyzes an organization or business domain (real or hypothetical) and documents its business or processes or systems, assessing the business model or its integration with technology')
INSERT INTO [dbo].[JobRole] (jobId, jobTitle, jobDescription)Values ( 'job011','Business Technology Analyst','Business technology analysts work with a business to assist in technology integration. This includes overseeing a companys current information technology (IT) systems to ensure that the companys technology-related goals are met.')
INSERT INTO [dbo].[JobRole] (jobId, jobTitle, jobDescription)Values ( 'job012','System Analyst','A systems analyst is a person who uses analysis and design techniques to solve business problems using information technology.')
INSERT INTO [dbo].[JobRole] (jobId, jobTitle, jobDescription)Values ( 'job013','Cybersecurity Professional','An advanced professional will hold a BS in a field such as information technology with a focus in an area such as computer forensics.')
INSERT INTO [dbo].[JobRole] (jobId, jobTitle, jobDescription)Values ( 'job014','Technical Consultant','Professionals, who provide technical support, perform trouble-shooting functions and resolve customer issues are known as Technical Consultants')
INSERT INTO [dbo].[JobRole] (jobId, jobTitle, jobDescription)Values ( 'job015','Software Developer','A programmer, developer, dev, coder, or software engineer is a person who creates computer software')
INSERT INTO [dbo].[JobRole] (jobId, jobTitle, jobDescription)Values ( 'job016','Product Analyst','Product analysts research target market segments based on age, gender, location, and interest and work with product managers to ensure products offer something for each of those demographics.')
INSERT INTO [dbo].[JobRole] (jobId, jobTitle, jobDescription)Values ( 'job017','Program Manager','Program management or programme management is the process of managing several related projects, often with the intention of improving an organizations performance')
INSERT INTO [dbo].[JobRole] (jobId, jobTitle, jobDescription)Values ( 'job018','Marketing Coordinator','Markets products by developing and implementing marketing and advertising campaigns')
INSERT INTO [dbo].[JobRole] (jobId, jobTitle, jobDescription)Values ( 'job019','IT Specialist','An IT Specialist, computer professional, or an IT professional may be: a person working in the field of information technology; ')
INSERT INTO [dbo].[JobRole] (jobId, jobTitle, jobDescription)Values ( 'job020','Strategy Analyst','They develop and implement critical business solutions through information gathering, synthesis, review, and testing. ')
INSERT INTO [dbo].[JobRole] (jobId, jobTitle, jobDescription)Values ( 'job021','Advanced Support Engineer','Expert support results in well-founded planning, optimally deployed technology, and in meeting or exceeding your return on investment objectives.')
INSERT INTO [dbo].[JobRole] (jobId, jobTitle, jobDescription)Values ( 'job022','Marketing Analyst','Marketing analysts (a.k.a. market research analysts) help companies and organizations decide which products and services to sell,')
INSERT INTO [dbo].[JobRole] (jobId, jobTitle, jobDescription)Values ( 'job023','Business Intelligence Analyst','A business intelligence (BI analyst) is a professional role where the individual is responsible for analyzing data that is used by a business or organization')
INSERT INTO [dbo].[JobRole] (jobId, jobTitle, jobDescription)Values ( 'job024','Solution Analyst','Solution Analyst is a member of the IT solutions team and is responsible for understanding business needs and collaborating with other technology stakeholders to deliver high quality, technology based, business solutions.')
INSERT INTO [dbo].[JobRole] (jobId, jobTitle, jobDescription)Values ( 'job025','Contract Compliance','Contract Compliance is state of acting in conformance with the predefined and agreed rules or guidelines. In many countries the contract compliance mainly deals with the adherence regarding equal opportunity policies and regulations')
INSERT INTO [dbo].[JobRole] (jobId, jobTitle, jobDescription)Values ( 'job026','Quality Analyst','A software quality analyst is responsible for applying the principles and practices of software quality assurance throughout the software development life cycle.')
INSERT INTO [dbo].[JobRole] (jobId, jobTitle, jobDescription)Values ( 'job027','Integration Analyst','An integration analyst is tasked with planning, coordinating, and managing the assimilation of new software applications and programs into an organizations existing computer network.')
INSERT INTO [dbo].[JobRole] (jobId, jobTitle, jobDescription)Values ( 'job028','Product Associate','Production associates are generally in charge of ensuring correct quality control of materials and end products produced by a company')
INSERT INTO [dbo].[JobRole] (jobId, jobTitle, jobDescription)Values ( 'job029','Computer System Analyst','Computer systems analysts, sometimes called systems architects, study an organizations current computer systems and procedures, and design solutions to help the organization operate more efficiently and effectively')
INSERT INTO [dbo].[JobRole] (jobId, jobTitle, jobDescription)Values ( 'job030','Technology Consultant','In management, information technology consulting as a field of activity focuses on advising organizations on how best to use information technology in achieving their business objectives')
INSERT INTO [dbo].[JobRole] (jobId, jobTitle, jobDescription)Values ( 'job031','Digital Marketing Analyst','A digital market analyst works to increase Internet traffic to websites, social media posts and other forms of online promotional content')
INSERT INTO [dbo].[JobRole] (jobId, jobTitle, jobDescription)Values ( 'job032','Assistant Vice President','Assistant vice president is typically one rung below vice president in much of the financial services industry. Its a relatively common role within a firm, particularly for those in brokerage, securities, and investment banking')
INSERT INTO [dbo].[JobRole] (jobId, jobTitle, jobDescription)Values ( 'job033','Data Analyst','Data analysts translate numbers into plain English Every business collects data, whether its sales figures, market research, logistics, or transportation costs')
INSERT INTO [dbo].[JobRole] (jobId, jobTitle, jobDescription)Values ( 'job034','Developer','A programmer, developer, dev, coder, or software engineer is a person who creates computer software')
INSERT INTO [dbo].[JobRole] (jobId, jobTitle, jobDescription)Values ( 'job035','Senior Associate','a senior associate is a higher rank on the organizational chart than an associate is')
INSERT INTO [dbo].[JobRole] (jobId, jobTitle, jobDescription)Values ( 'job036','IT Process Designer','To create a process design for your business means youd be developing a strategy to carry out the businesss mission.')
INSERT INTO [dbo].[JobRole] (jobId, jobTitle, jobDescription)Values ( 'job037','Senior Data Analyst','Higher level data analyst')
INSERT INTO [dbo].[JobRole] (jobId, jobTitle, jobDescription)Values ( 'job038','Test Engneer','A test engineer is a professional who determines how to create a process that would best test a particular product in manufacturing and related disciplines in order to assure that the product meets applicable specifications.')


INSERT INTO [dbo].[Alumni] (alumniId,fName,mName,lName,gradYear,gradTerm,empStatus,workYears,email,linkdinURL,officeNum,mobileNum,comId,locId,jobId)Values ( 'alm0001','Xin',' ','Yu','2017','Winter','Employed ','2','xin.yu@rhsmith.umd.edu','https://www.linkedin.com/in/ariel-yu/','785-198-1829','244-636-9574','com001','loc001','job001')
INSERT INTO [dbo].[Alumni] (alumniId,fName,mName,lName,gradYear,gradTerm,empStatus,workYears,email,linkdinURL,officeNum,mobileNum,comId,locId,jobId)Values ( 'alm0002','Yi',' ','An','2016','Winter','Employed ','1','yi.an@rhsmith.umd.edu','https://www.linkedin.com/in/yi-an-b54b4a27/','511-686-2925','915-231-6877','com014','loc008','job003')
INSERT INTO [dbo].[Alumni] (alumniId,fName,mName,lName,gradYear,gradTerm,empStatus,workYears,email,linkdinURL,officeNum,mobileNum,comId,locId,jobId)Values ( 'alm0003','Michael',' ','Antony','2016','Winter','Employed ','2','michael.antony@rhsmith.umd.edu','https://www.linkedin.com/in/michael-antony-a3b552a4/','191-640-1086','915-782-5092','com002','loc018','job008')
INSERT INTO [dbo].[Alumni] (alumniId,fName,mName,lName,gradYear,gradTerm,empStatus,workYears,email,linkdinURL,officeNum,mobileNum,comId,locId,jobId)Values ( 'alm0004','Gsuri',' ','Bhide','2016','Winter','Employed ','2','gauri.bhde@rhsmith.umd.edu','https://www.linkedin.com/in/gauribhide/','921-186-6751','636-502-2292','com071','loc015','job014')
INSERT INTO [dbo].[Alumni] (alumniId,fName,mName,lName,gradYear,gradTerm,empStatus,workYears,email,linkdinURL,officeNum,mobileNum,comId,locId,jobId)Values ( 'alm0005','Sahil',' ','Bareja','2016','Winter','Employed ','2','sahil.bareja@rhsmith.umd.edu','https://www.linkedin.com/in/sahil-bareja/','408-530-2433','561-863-0238','com003','loc018','job010')
INSERT INTO [dbo].[Alumni] (alumniId,fName,mName,lName,gradYear,gradTerm,empStatus,workYears,email,linkdinURL,officeNum,mobileNum,comId,locId,jobId)Values ( 'alm0006','Angshuk',' ','Chakraborty','2016','Winter','Employed ','3','angshuk.chakraborty@rhsmith.umd.edu','https://www.linkedin.com/in/angshukchakraborty/','392-710-1665','893-787-8465','com004','loc003','job005')
INSERT INTO [dbo].[Alumni] (alumniId,fName,mName,lName,gradYear,gradTerm,empStatus,workYears,email,linkdinURL,officeNum,mobileNum,comId,locId,jobId)Values ( 'alm0007','Dongmin','  ','Zheng','2017','Winter','Employed ','1','Dongmin.Zheng@rhsmith.umd.edu','https://www.linkedin.com/in/dongmin-zheng-503952a9/','439-789-2327','385-834-5066','com005','loc004','job005')
INSERT INTO [dbo].[Alumni] (alumniId,fName,mName,lName,gradYear,gradTerm,empStatus,workYears,email,linkdinURL,officeNum,mobileNum,comId,locId,jobId)Values ( 'alm0008','Fei','  ','Liu','2017','Winter','Employed ','0.5','fei.liu@rhsmith.umd.edu','https://www.linkedin.com/in/andrewfei-liu/','619-140-6287','644-784-7006','com006','loc005','job003')
INSERT INTO [dbo].[Alumni] (alumniId,fName,mName,lName,gradYear,gradTerm,empStatus,workYears,email,linkdinURL,officeNum,mobileNum,comId,locId,jobId)Values ( 'alm0009','Sohini',' ','Sarkar','2016','Winter','Employed ','1','sohini.sarkar@rhsmith.umd.edu','https://www.linkedin.com/in/sohini-sarkar-55750348/','117-193-6276','654-266-3436','com008','loc006','job003')
INSERT INTO [dbo].[Alumni] (alumniId,fName,mName,lName,gradYear,gradTerm,empStatus,workYears,email,linkdinURL,officeNum,mobileNum,comId,locId,jobId)Values ( 'alm0010','Suyan',' ','Jin','2018','Summer','Employed ','1','suyan.jin@rhsmith.umd.edu','https://www.linkedin.com/in/suyan-jin-47760391/','349-545-3648','269-572-9930','com009','loc004','job003')
INSERT INTO [dbo].[Alumni] (alumniId,fName,mName,lName,gradYear,gradTerm,empStatus,workYears,email,linkdinURL,officeNum,mobileNum,comId,locId,jobId)Values ( 'alm0011','Nikita',' ','Padhye','2016','Summer','Employed ','3','nikita.padhye@rhsmith.umd.edu','https://www.linkedin.com/in/nikita-padhye-534690106/','376-143-7392','319-516-0717','com004','loc003','job008')
INSERT INTO [dbo].[Alumni] (alumniId,fName,mName,lName,gradYear,gradTerm,empStatus,workYears,email,linkdinURL,officeNum,mobileNum,comId,locId,jobId)Values ( 'alm0012','Jinali',' ','Gandhi','2017','Winter','Employed ','1','jinali.gandhi@rhsmith.umd.edu','https://www.linkedin.com/in/jinali-gandhi/','246-365-5863','126-315-0148','com012','loc009','job008')
INSERT INTO [dbo].[Alumni] (alumniId,fName,mName,lName,gradYear,gradTerm,empStatus,workYears,email,linkdinURL,officeNum,mobileNum,comId,locId,jobId)Values ( 'alm0013','Mihir',' ','Gandhi','2017','Winter','Employed ','1','mihir.gandhi@rhsmith.umd.edu','https://www.linkedin.com/in/mihir-gandhi/','152-749-9093','860-610-8331','com013','loc009','job009')
INSERT INTO [dbo].[Alumni] (alumniId,fName,mName,lName,gradYear,gradTerm,empStatus,workYears,email,linkdinURL,officeNum,mobileNum,comId,locId,jobId)Values ( 'alm0014','Harshit',' ','Gautam','2017','Winter','Employed ','1','harshit.gautam@rhsmith.umd.edu','https://www.linkedin.com/in/harshit-gautam/','803-488-7675','437-366-5206','com015','loc010','job002')
INSERT INTO [dbo].[Alumni] (alumniId,fName,mName,lName,gradYear,gradTerm,empStatus,workYears,email,linkdinURL,officeNum,mobileNum,comId,locId,jobId)Values ( 'alm0015','Srishti',' ','Govil','2017','Winter','Employed ','1','srishti.govil@rhsmith.umd.edu','https://www.linkedin.com/in/srishti-govil/','331-927-2128','834-785-9453','com016','loc011','job012')
INSERT INTO [dbo].[Alumni] (alumniId,fName,mName,lName,gradYear,gradTerm,empStatus,workYears,email,linkdinURL,officeNum,mobileNum,comId,locId,jobId)Values ( 'alm0016','Spoorthi',' ','Gunuganti','2017','Winter','Employed ','1','spoorthi.gunuganti@rhsmith.umd.edu','https://www.linkedin.com/in/spoorthi-gunuganti/','248-353-1166','420-187-9878','com004','loc003','job008')
INSERT INTO [dbo].[Alumni] (alumniId,fName,mName,lName,gradYear,gradTerm,empStatus,workYears,email,linkdinURL,officeNum,mobileNum,comId,locId,jobId)Values ( 'alm0017','Akhil',' ','Gupta','2017','Winter','Employed ','1.5','akhil.gupta@rhsmith.umd.edu','https://www.linkedin.com/in/akhilg91/','502-946-8701','933-179-2122','com018','loc013','job003')
INSERT INTO [dbo].[Alumni] (alumniId,fName,mName,lName,gradYear,gradTerm,empStatus,workYears,email,linkdinURL,officeNum,mobileNum,comId,locId,jobId)Values ( 'alm0018','Aishwarya',' ','Harne','2017','Winter','Employed ','1.5','aishwarya.harne@rhsmith.umd.edu','https://www.linkedin.com/in/aishwaryaharne/','785-252-9182','624-331-3293','com001','loc001','job001')
INSERT INTO [dbo].[Alumni] (alumniId,fName,mName,lName,gradYear,gradTerm,empStatus,workYears,email,linkdinURL,officeNum,mobileNum,comId,locId,jobId)Values ( 'alm0019','Shuman',' ','He','2017','Winter','Unknown','0','shuman.he@rhsmith.umd.edu','https://www.linkedin.com/in/shumanhe/','892-786-5266','697-917-8431','com000','loc000','job000')
INSERT INTO [dbo].[Alumni] (alumniId,fName,mName,lName,gradYear,gradTerm,empStatus,workYears,email,linkdinURL,officeNum,mobileNum,comId,locId,jobId)Values ( 'alm0020','Zhenyu',' ','Huang','2017','Winter','Employed ','1','zhenyu.huang@rhsmith.umd.edu','https://www.linkedin.com/in/zhenyu-huang-8b17a6126/','852-440-9526','863-699-5177','com020','loc015','job003')
INSERT INTO [dbo].[Alumni] (alumniId,fName,mName,lName,gradYear,gradTerm,empStatus,workYears,email,linkdinURL,officeNum,mobileNum,comId,locId,jobId)Values ( 'alm0021','Yuzhe',' ','Huo','2017','Winter','Employed ','0.5','yuzhe.huo@rhsmith.umd.edu','https://www.linkedin.com/in/stellahuo/','235-910-2047','961-668-7570','com024','loc017','job015')
INSERT INTO [dbo].[Alumni] (alumniId,fName,mName,lName,gradYear,gradTerm,empStatus,workYears,email,linkdinURL,officeNum,mobileNum,comId,locId,jobId)Values ( 'alm0022','Keerthana','Ann','Jacob','2017','Winter','Employed ','0.5','keerthana.jacob@rhsmith.umd.edu','https://www.linkedin.com/in/keerthana-jacob/','317-597-9017','240-322-8958','com019','loc016','job010')
INSERT INTO [dbo].[Alumni] (alumniId,fName,mName,lName,gradYear,gradTerm,empStatus,workYears,email,linkdinURL,officeNum,mobileNum,comId,locId,jobId)Values ( 'alm0023','Aakanksha',' ','Jain','2017','Winter','Employed ','1','aakansha.jain@rhsmith.umd.edu','https://www.linkedin.com/in/aakanksha-jain/','952-681-9850','143-815-1597','com015','loc010','job010')
INSERT INTO [dbo].[Alumni] (alumniId,fName,mName,lName,gradYear,gradTerm,empStatus,workYears,email,linkdinURL,officeNum,mobileNum,comId,locId,jobId)Values ( 'alm0024','Rini',' ','Joshi','2017','Winter','Employed ','1','rini.joshi@rhsmith.umd.edu','https://www.linkedin.com/in/rini-joshi/','787-927-4495','104-535-0414','com037','loc008','job014')
INSERT INTO [dbo].[Alumni] (alumniId,fName,mName,lName,gradYear,gradTerm,empStatus,workYears,email,linkdinURL,officeNum,mobileNum,comId,locId,jobId)Values ( 'alm0025','Chandni',' ','Chandawalla','2016','Winter','Employed ','2','Chandni.chandawalla@rhsmith.umd.edu','https://www.linkedin.com/in/chandnichandawalla/','922-759-3088','765-589-1324','com077','loc040','job010')
INSERT INTO [dbo].[Alumni] (alumniId,fName,mName,lName,gradYear,gradTerm,empStatus,workYears,email,linkdinURL,officeNum,mobileNum,comId,locId,jobId)Values ( 'alm0026','Avani',' ','Chheda','2016','Winter','Employed ','2.5','avani.chheda@rhsmith.umd.edu','https://www.linkedin.com/in/avani-chheda-17b98256/','808-748-0394','891-308-7053','com078','loc008','job003')
INSERT INTO [dbo].[Alumni] (alumniId,fName,mName,lName,gradYear,gradTerm,empStatus,workYears,email,linkdinURL,officeNum,mobileNum,comId,locId,jobId)Values ( 'alm0027','Leeann',' ','Choi','2016','Winter','Employed ','2','leeann.choi@rhsmith.umd.edu','https://www.linkedin.com/in/leeannchoi/','472-734-9657','442-705-2168','com064','loc041','job009')
INSERT INTO [dbo].[Alumni] (alumniId,fName,mName,lName,gradYear,gradTerm,empStatus,workYears,email,linkdinURL,officeNum,mobileNum,comId,locId,jobId)Values ( 'alm0028','Aditya',' ','Damle','2016','Winter','Employed ','2','aditya.damle@rhsmith.umd.edu','https://www.linkedin.com/in/aditya-damle/','784-998-5967','393-259-3169','com080','loc001','job003')
INSERT INTO [dbo].[Alumni] (alumniId,fName,mName,lName,gradYear,gradTerm,empStatus,workYears,email,linkdinURL,officeNum,mobileNum,comId,locId,jobId)Values ( 'alm0029','Sarika',' ','Dhoot','2016','Winter','Employed','2','sarika.dhoot@rhsmith.umd.edu','https://www.linkedin.com/in/sarika-dhoot/','318-205-9562','510-653-6600','com081','loc008','job010')
INSERT INTO [dbo].[Alumni] (alumniId,fName,mName,lName,gradYear,gradTerm,empStatus,workYears,email,linkdinURL,officeNum,mobileNum,comId,locId,jobId)Values ( 'alm0030','Samuel',' ','Bassey','2014','Winter','Employed','4.5','samuel.bassey@rhsmith.umd.edu','https://www.linkedin.com/in/samuel-bassey-ms-56a3602b/','366-570-3390','900-775-5609','com007','loc007','job006')
INSERT INTO [dbo].[Alumni] (alumniId,fName,mName,lName,gradYear,gradTerm,empStatus,workYears,email,linkdinURL,officeNum,mobileNum,comId,locId,jobId)Values ( 'alm0031','Melissa',' ','Delcid','2018','Winter','Employed','0.5','melissa.delcid@rhsmith.umd.edu','https://www.linkedin.com/in/melissa-delcid/','251-187-2630','899-586-3859','com007','loc007','job007')
INSERT INTO [dbo].[Alumni] (alumniId,fName,mName,lName,gradYear,gradTerm,empStatus,workYears,email,linkdinURL,officeNum,mobileNum,comId,locId,jobId)Values ( 'alm0032','Prasoon',' ','Rungta','2017','Winter','Employed','1','prasoon.rungta@rhsmith.umd.edu','https://www.linkedin.com/in/prasoonrungta/','918-459-3686','754-672-3462','com007','loc008','job009')
INSERT INTO [dbo].[Alumni] (alumniId,fName,mName,lName,gradYear,gradTerm,empStatus,workYears,email,linkdinURL,officeNum,mobileNum,comId,locId,jobId)Values ( 'alm0033','Anshima',' ','Raj','2015','Winter','Employed','3','anshima.raj@rhsmith.umd.edu','https://www.linkedin.com/in/anshima/','356-201-7593','849-401-4526','com007','loc008','job006')
INSERT INTO [dbo].[Alumni] (alumniId,fName,mName,lName,gradYear,gradTerm,empStatus,workYears,email,linkdinURL,officeNum,mobileNum,comId,locId,jobId)Values ( 'alm0034','Durgesh',' ','Shukla','2016','Winter','Employed','1','durgesh.shukla@rhsmith.umd.edu','https://www.linkedin.com/in/shukladurgesh/','660-928-0783','930-873-5269','com007','loc008','job011')
INSERT INTO [dbo].[Alumni] (alumniId,fName,mName,lName,gradYear,gradTerm,empStatus,workYears,email,linkdinURL,officeNum,mobileNum,comId,locId,jobId)Values ( 'alm0035','Don',' ','Lunaria','2017','Winter','Employed','0.5','don.lunaria@rhsmith.umd.edu','https://www.linkedin.com/in/don-lunaria/','583-276-7392','902-675-3979','com007','loc008','job013')
INSERT INTO [dbo].[Alumni] (alumniId,fName,mName,lName,gradYear,gradTerm,empStatus,workYears,email,linkdinURL,officeNum,mobileNum,comId,locId,jobId)Values ( 'alm0036','Yizi',' ','Ma','2017','Winter','Not Employed','0','yizi.ma@rhsmith.umd.edu','https://www.linkedin.com/in/yizi-ma-3164b8128/','835-286-6482','688-304-1292','com000','loc000','job000')
INSERT INTO [dbo].[Alumni] (alumniId,fName,mName,lName,gradYear,gradTerm,empStatus,workYears,email,linkdinURL,officeNum,mobileNum,comId,locId,jobId)Values ( 'alm0037','Akshat',' ','Maltare','2017','Winter','Employed','1','akshat.maltare@rhsmith.umd.edu','https://www.linkedin.com/in/akshat-maltare/','253-359-8433','325-391-1575','com022','loc008','job003')
INSERT INTO [dbo].[Alumni] (alumniId,fName,mName,lName,gradYear,gradTerm,empStatus,workYears,email,linkdinURL,officeNum,mobileNum,comId,locId,jobId)Values ( 'alm0038','Kanchen',' ','Markandeya','2017','Winter','Employed','1','kanchan.markandeya@rhsmith.umd.edu','https://www.linkedin.com/in/kanchan-markandeya-041ba1b5/','947-472-7842','439-468-8448','com023','loc016','job014')
INSERT INTO [dbo].[Alumni] (alumniId,fName,mName,lName,gradYear,gradTerm,empStatus,workYears,email,linkdinURL,officeNum,mobileNum,comId,locId,jobId)Values ( 'alm0039','Yang ',' ','Men','2017','Winter','Employed','0.5','yang.men@rhsmith.umd.edu','https://www.linkedin.com/in/yangmen','767-295-3164','113-274-1995','com050','loc028','job020')
INSERT INTO [dbo].[Alumni] (alumniId,fName,mName,lName,gradYear,gradTerm,empStatus,workYears,email,linkdinURL,officeNum,mobileNum,comId,locId,jobId)Values ( 'alm0040','Diksha',' ','Mulchandani','2017','Winter','Employed','1.5','diksha.mulchandani@rhsmith.umd.edu','https://www.linkedin.com/in/diksha94/','531-295-0073','899-133-9138','com052','loc001','job010')
INSERT INTO [dbo].[Alumni] (alumniId,fName,mName,lName,gradYear,gradTerm,empStatus,workYears,email,linkdinURL,officeNum,mobileNum,comId,locId,jobId)Values ( 'alm0041','Wen',' ','Na','2017','Winter','Not Employed','0','wen.na@rhsmith.umd.edu','https://www.linkedin.com/in/wen-na-a85115140/','657-628-7357','826-620-6585','com000','loc000','job000')
INSERT INTO [dbo].[Alumni] (alumniId,fName,mName,lName,gradYear,gradTerm,empStatus,workYears,email,linkdinURL,officeNum,mobileNum,comId,locId,jobId)Values ( 'alm0042','LakshmiNarasimhan',' ','Narayanan','2017','Winter','Not Employed','0','lakshminarasimhan.narayanan@rhsmith.umd.edu','https://www.linkedin.com/in/lakshminarasimhangn/','445-809-9183','299-820-5774','com000','loc000','job000')
INSERT INTO [dbo].[Alumni] (alumniId,fName,mName,lName,gradYear,gradTerm,empStatus,workYears,email,linkdinURL,officeNum,mobileNum,comId,locId,jobId)Values ( 'alm0043','Chen',' ','Pan','2017','Winter','Employed','1','chen.pan@rhsmith.umd.edu','https://www.linkedin.com/in/chen-pan-12b336a6/','770-280-0930','498-895-3309','com057','loc003','job022')
INSERT INTO [dbo].[Alumni] (alumniId,fName,mName,lName,gradYear,gradTerm,empStatus,workYears,email,linkdinURL,officeNum,mobileNum,comId,locId,jobId)Values ( 'alm0044','Janhvi',' ','Parekh','2017','Winter','Employed','0.5','janhvi.parekh@rhsmith.umd.edu','https://www.linkedin.com/in/janhvi-parekh/','268-558-5768','342-243-6718','com058','loc018','job023')
INSERT INTO [dbo].[Alumni] (alumniId,fName,mName,lName,gradYear,gradTerm,empStatus,workYears,email,linkdinURL,officeNum,mobileNum,comId,locId,jobId)Values ( 'alm0045','Siddhesh',' ','Patil','2017','Winter','Employed','1.5','siddhesh.patil@rhsmith.umd.edu','https://www.linkedin.com/in/patilsiddhesh/','587-648-6246','982-267-8843','com031','loc049','job009')
INSERT INTO [dbo].[Alumni] (alumniId,fName,mName,lName,gradYear,gradTerm,empStatus,workYears,email,linkdinURL,officeNum,mobileNum,comId,locId,jobId)Values ( 'alm0046','Wanqi',' ','Peng','2017','Winter','Employed','0.5','wanqi.peng@rhsmith.umd.edu','https://www.linkedin.com/in/wqpeng/','415-537-9542','901-146-3634','com033','loc008','job026')
INSERT INTO [dbo].[Alumni] (alumniId,fName,mName,lName,gradYear,gradTerm,empStatus,workYears,email,linkdinURL,officeNum,mobileNum,comId,locId,jobId)Values ( 'alm0047','Prachiti','  ','Phadke','2017','Winter','Employed','1','prachiti.phadke@rhsmith.umd.edu','https://www.linkedin.com/in/prachiti-a-phadke/','425-250-2269','757-857-9690','com067','loc015','job010')
INSERT INTO [dbo].[Alumni] (alumniId,fName,mName,lName,gradYear,gradTerm,empStatus,workYears,email,linkdinURL,officeNum,mobileNum,comId,locId,jobId)Values ( 'alm0048','Yanbo ',' ','Qiao','2017','Winter','Employed','1','yanbo.qiao@rhsmith.umd.edu','https://www.linkedin.com/in/robin-qiao/','937-907-9025','524-178-5854','com068','loc035','job027')
INSERT INTO [dbo].[Alumni] (alumniId,fName,mName,lName,gradYear,gradTerm,empStatus,workYears,email,linkdinURL,officeNum,mobileNum,comId,locId,jobId)Values ( 'alm0049','Gautam ',' ','Rachakonda','2017','Winter','Employed','1','gautam.rachakonda@rhsmith.umd.edu','https://www.linkedin.com/in/gautam-rachakonda/','392-177-2739','516-944-0471','com015','loc010','job028')
INSERT INTO [dbo].[Alumni] (alumniId,fName,mName,lName,gradYear,gradTerm,empStatus,workYears,email,linkdinURL,officeNum,mobileNum,comId,locId,jobId)Values ( 'alm0050','Siqi',' ','Ren','2017','Winter','Employed','1','siqi.ren@rhsmith.umd.edu','https://www.linkedin.com/in/rensq/','530-873-9134','870-695-4262','com079','loc003','job029')
INSERT INTO [dbo].[Alumni] (alumniId,fName,mName,lName,gradYear,gradTerm,empStatus,workYears,email,linkdinURL,officeNum,mobileNum,comId,locId,jobId)Values ( 'alm0051','Ravi',' ','Pandey','2016','Winter','Employed','3','unknown','https://www.linkedin.com/in/ravi-pandey1/','276-686-4003','972-941-3153','com006','loc005','job009')
INSERT INTO [dbo].[Alumni] (alumniId,fName,mName,lName,gradYear,gradTerm,empStatus,workYears,email,linkdinURL,officeNum,mobileNum,comId,locId,jobId)Values ( 'alm0052','Geetansh',' ','Pant','2016','Winter','Employed','1.5','geetansh.pant@rhsmith.umd.edu','https://www.linkedin.com/in/geetansh-pant/','923-685-5207','162-777-5075','com082','loc042','job009')
INSERT INTO [dbo].[Alumni] (alumniId,fName,mName,lName,gradYear,gradTerm,empStatus,workYears,email,linkdinURL,officeNum,mobileNum,comId,locId,jobId)Values ( 'alm0053','Lakshmi ',' ','Parameswaran','2016','Winter','Employed','1.5','lakshmi.parameswaran@rhsmith.umd.edu','https://www.linkedin.com/in/lakshmi28/','239-720-9003','515-212-4386','com007','loc043','job030')
INSERT INTO [dbo].[Alumni] (alumniId,fName,mName,lName,gradYear,gradTerm,empStatus,workYears,email,linkdinURL,officeNum,mobileNum,comId,locId,jobId)Values ( 'alm0054','Zalak',' ','Parekh','2016','Winter','Employed','2','zalak.parekh@rhsmith.umd.edu','https://www.linkedin.com/in/zalak-parekh/','669-956-4532','272-282-8135','com084','loc045','job015')
INSERT INTO [dbo].[Alumni] (alumniId,fName,mName,lName,gradYear,gradTerm,empStatus,workYears,email,linkdinURL,officeNum,mobileNum,comId,locId,jobId)Values ( 'alm0055','Karmanya',' ','Pathak','2016','Winter','Employed','1','karmanya.pathak@rhsmith.umd.edu','https://www.linkedin.com/in/karmanyapathak/','988-878-8710','281-365-7911','com085','loc046','job031')
INSERT INTO [dbo].[Alumni] (alumniId,fName,mName,lName,gradYear,gradTerm,empStatus,workYears,email,linkdinURL,officeNum,mobileNum,comId,locId,jobId)Values ( 'alm0056','Sarthak',' ','Potnis','2016','Winter','Employed','1.5','sarthak.potnis@rhsmith.umd.edu','https://www.linkedin.com/in/sarthak-potnis/','254-853-6892','104-111-8301','com086','loc016','job015')
INSERT INTO [dbo].[Alumni] (alumniId,fName,mName,lName,gradYear,gradTerm,empStatus,workYears,email,linkdinURL,officeNum,mobileNum,comId,locId,jobId)Values ( 'alm0057','Varsha','  ','Purswani','2016','Winter','Employed','1.5','varsha.purswani@rhsmith.umd.edu','https://www.linkedin.com/in/varsha022/','928-583-0021','596-108-5937','com087','loc022','job007')
INSERT INTO [dbo].[Alumni] (alumniId,fName,mName,lName,gradYear,gradTerm,empStatus,workYears,email,linkdinURL,officeNum,mobileNum,comId,locId,jobId)Values ( 'alm0058','Vidhya','  ','Ramamoorthy','2016','Winter','Employed','2','vidhya.ramamoorthy@rhsmith.umd.edu','https://www.linkedin.com/in/vidhyaramamoorthy/','172-501-5186','577-400-9811','com089','loc023','job032')
INSERT INTO [dbo].[Alumni] (alumniId,fName,mName,lName,gradYear,gradTerm,empStatus,workYears,email,linkdinURL,officeNum,mobileNum,comId,locId,jobId)Values ( 'alm0059','Rishabh','Mukesh','Rathod','2016','Winter','Employed','0.5','rishabh.rathod@rhsmith.umd.edu','https://www.linkedin.com/in/rishabh-rathod-bba22b109/','832-778-2902','915-874-6932','com091','loc016','job033')
INSERT INTO [dbo].[Alumni] (alumniId,fName,mName,lName,gradYear,gradTerm,empStatus,workYears,email,linkdinURL,officeNum,mobileNum,comId,locId,jobId)Values ( 'alm0060','Shayan','','Hobbi','2017','winter','employed','4','shayan.hobbi@rhsmith.umd.edu','https://www.linkedin.com/in/shayan-hobbi/','122-224-8276','668-803-3659','com010','loc008','job006')
INSERT INTO [dbo].[Alumni] (alumniId,fName,mName,lName,gradYear,gradTerm,empStatus,workYears,email,linkdinURL,officeNum,mobileNum,comId,locId,jobId)Values ( 'alm0061','Meghna','Sardana','Sarin','2017','summer','employed','1.5','meghna.sardana@rhsmith.umd.edu','https://www.linkedin.com/in/meghnasarin/','301-754-9447','951-966-7764','com010','loc008','job006')
INSERT INTO [dbo].[Alumni] (alumniId,fName,mName,lName,gradYear,gradTerm,empStatus,workYears,email,linkdinURL,officeNum,mobileNum,comId,locId,jobId)Values ( 'alm0062','Yash',' ','Sakaria','2017','winter','employed','1','yash.sakaria@rhsmith.umd.edu','https://www.linkedin.com/in/yash-sakaria/','611-291-8921','227-991-9606','com015','loc010','job009')
INSERT INTO [dbo].[Alumni] (alumniId,fName,mName,lName,gradYear,gradTerm,empStatus,workYears,email,linkdinURL,officeNum,mobileNum,comId,locId,jobId)Values ( 'alm0063','Kunal',' ','Sharma','2017','winter','employed','0','kunal.sharma@rhsmith.umd.edu','https://www.linkedin.com/in/kunalsharma0414/','202-582-9995','478-477-0474','com026','loc008','job009')
INSERT INTO [dbo].[Alumni] (alumniId,fName,mName,lName,gradYear,gradTerm,empStatus,workYears,email,linkdinURL,officeNum,mobileNum,comId,locId,jobId)Values ( 'alm0064','Yuan',' ','Zhou','2017','winter','employed','2.5','yuan.zhou@rhsmith.umd.edu','https://www.linkedin.com/in/yuan-zhou-99a5b975/','337-601-3136','671-808-5456','com011','loc008','job009')
INSERT INTO [dbo].[Alumni] (alumniId,fName,mName,lName,gradYear,gradTerm,empStatus,workYears,email,linkdinURL,officeNum,mobileNum,comId,locId,jobId)Values ( 'alm0065','Yiyang',' ','Zhou','2017','winter','employed','1','yiyang.zhou@rhsmith.umd.edu','https://www.linkedin.com/in/yiyang-eric-zhou-96194558/','115-273-6875','375-958-2838','com014','loc008','job010')
INSERT INTO [dbo].[Alumni] (alumniId,fName,mName,lName,gradYear,gradTerm,empStatus,workYears,email,linkdinURL,officeNum,mobileNum,comId,locId,jobId)Values ( 'alm0066','Xin',' ','Zong','2017','winter','employed','1','xin.zong@rhsmith.umd.edu','https://www.linkedin.com/in/xin-zong/','779-307-0801','487-903-6387','com017','loc012','job009')
INSERT INTO [dbo].[Alumni] (alumniId,fName,mName,lName,gradYear,gradTerm,empStatus,workYears,email,linkdinURL,officeNum,mobileNum,comId,locId,jobId)Values ( 'alm0067','Yilin',' ','Wang','2017','winter','employed','0.5','yilin.wang@rhsmith.umd.edu','https://www.linkedin.com/in/wangyilin/','378-118-5150','955-970-5776','com019','loc014','job003')
INSERT INTO [dbo].[Alumni] (alumniId,fName,mName,lName,gradYear,gradTerm,empStatus,workYears,email,linkdinURL,officeNum,mobileNum,comId,locId,jobId)Values ( 'alm0068','Yage',' ','Wang','2017','winter','employed','1','yage.wang@rhsmith.umd.edu','https://www.linkedin.com/in/yage-jacob-wang-54876571/','776-384-9430','728-553-2096','com021','loc008','job009')
INSERT INTO [dbo].[Alumni] (alumniId,fName,mName,lName,gradYear,gradTerm,empStatus,workYears,email,linkdinURL,officeNum,mobileNum,comId,locId,jobId)Values ( 'alm0069','Prasoon',' ','Rungta','2017','winter','employed','2.5','prasoon.rungta@rhsmith.umd.edu','https://www.linkedin.com/in/prasoonrungta/','151-447-4051','887-798-6976','com007','loc008','job009')
INSERT INTO [dbo].[Alumni] (alumniId,fName,mName,lName,gradYear,gradTerm,empStatus,workYears,email,linkdinURL,officeNum,mobileNum,comId,locId,jobId)Values ( 'alm0070','Kuldeepak','Kumar','Sharma','2017','winter','employed','1','kuldeepak.sharma@rhsmith.umd.edu','https://www.linkedin.com/in/kuldeepakkumarsharma/','294-910-6742','260-930-2287','com028','loc018','job009')
INSERT INTO [dbo].[Alumni] (alumniId,fName,mName,lName,gradYear,gradTerm,empStatus,workYears,email,linkdinURL,officeNum,mobileNum,comId,locId,jobId)Values ( 'alm0071','Gayatri','Sukumar','Shiceshwarkar','2017','winter','employed','1.5','gayatri.shiveshwarkar@rhsmith.umd.edu','https://www.linkedin.com/in/gayatri-shiveshwarkar/','204-900-2579','395-196-1963','com030','loc020','job009')
INSERT INTO [dbo].[Alumni] (alumniId,fName,mName,lName,gradYear,gradTerm,empStatus,workYears,email,linkdinURL,officeNum,mobileNum,comId,locId,jobId)Values ( 'alm0072','Gagandeep',' ','Singh','2017','winter','employed','1','gagandeep.singh@rhsmith.umd.edu','https://www.linkedin.com/in/singh-gagandeep/','350-740-3997','234-386-7070','com031','loc008','job016')
INSERT INTO [dbo].[Alumni] (alumniId,fName,mName,lName,gradYear,gradTerm,empStatus,workYears,email,linkdinURL,officeNum,mobileNum,comId,locId,jobId)Values ( 'alm0073','Shreyansh',' ','Singhvi','2017','winter','employed','0.5','shreyansh.singhvi@rhsmith.umd.edu','https://www.linkedin.com/in/shreyansh-singhvi/','947-371-0835','282-332-9071','com032','loc021','job010')
INSERT INTO [dbo].[Alumni] (alumniId,fName,mName,lName,gradYear,gradTerm,empStatus,workYears,email,linkdinURL,officeNum,mobileNum,comId,locId,jobId)Values ( 'alm0074','Kushagra',' ','Sinha','2017','winter','employed','1','kushagra.sinha@rhsmith.umd.edu','https://www.linkedin.com/in/kushagra-sinha/','633-541-8344','826-123-3915','com034','loc015','job017')
INSERT INTO [dbo].[Alumni] (alumniId,fName,mName,lName,gradYear,gradTerm,empStatus,workYears,email,linkdinURL,officeNum,mobileNum,comId,locId,jobId)Values ( 'alm0075','Sathya','Anurag','Siruguppa','2017','winter','employed','1','sathya.siruguppa@rhsmith.umd.edu','https://www.linkedin.com/in/sathya-anurag-siruguppa/','965-754-3664','601-482-5618','com007','loc008','job009')
INSERT INTO [dbo].[Alumni] (alumniId,fName,mName,lName,gradYear,gradTerm,empStatus,workYears,email,linkdinURL,officeNum,mobileNum,comId,locId,jobId)Values ( 'alm0076','Navneet',' ','Sonak','2017','winter','employed','0.5','navneet.sonak@rhsmith.umd.edu','https://www.linkedin.com/in/navneetsonak/','922-653-9828','358-656-1721','com036','loc000','job009')
INSERT INTO [dbo].[Alumni] (alumniId,fName,mName,lName,gradYear,gradTerm,empStatus,workYears,email,linkdinURL,officeNum,mobileNum,comId,locId,jobId)Values ( 'alm0077','Tianqi',' ','Tian','2017','winter','employed','1','tianqi.tian@rhsmith.umd.edu','https://www.linkedin.com/in/tianqi-tian/','147-379-7962','327-378-2928','com039','loc000','job010')
INSERT INTO [dbo].[Alumni] (alumniId,fName,mName,lName,gradYear,gradTerm,empStatus,workYears,email,linkdinURL,officeNum,mobileNum,comId,locId,jobId)Values ( 'alm0078','Ashish',' ','Uppala','2017','winter','employed','1.5','ashish.uppala@rhsmith.umd.edu','https://www.linkedin.com/in/ashishuppala/','465-757-6503','357-462-9905','com026','loc015','job015')
INSERT INTO [dbo].[Alumni] (alumniId,fName,mName,lName,gradYear,gradTerm,empStatus,workYears,email,linkdinURL,officeNum,mobileNum,comId,locId,jobId)Values ( 'alm0079','Rovin',' ','Vazirani','2017','winter','employed','1','rovin.vazirani@rhsmith.umd.edu','https://www.linkedin.com/in/rovin-vazirani/','632-289-0051','195-109-9966','com040','loc008','job002')
INSERT INTO [dbo].[Alumni] (alumniId,fName,mName,lName,gradYear,gradTerm,empStatus,workYears,email,linkdinURL,officeNum,mobileNum,comId,locId,jobId)Values ( 'alm0080','Shreya',' ','Ghoshal','2016','winter','employed','2','shreya.ghoshal@rhsmith.umd.edu','https://www.linkedin.com/in/shreya-ghoshal-874b75106/','149-713-2521','945-619-0687','com060','loc015','job010')
INSERT INTO [dbo].[Alumni] (alumniId,fName,mName,lName,gradYear,gradTerm,empStatus,workYears,email,linkdinURL,officeNum,mobileNum,comId,locId,jobId)Values ( 'alm0081','Jianhui',' ','Gong','2016','winter','employed','2.5','jianhui.gong@rhsmith.umd.edu','https://www.linkedin.com/in/jianhui-carmelo-gong-75a460a7/','394-228-9862','388-218-4560','com061','loc032','job025')
INSERT INTO [dbo].[Alumni] (alumniId,fName,mName,lName,gradYear,gradTerm,empStatus,workYears,email,linkdinURL,officeNum,mobileNum,comId,locId,jobId)Values ( 'alm0082','Abhitej','Kumar','Gopireddy','2016','winter','employed','2.5','abhitej.gopireddy@rhsmith.umd.edu','https://www.linkedin.com/in/abhitej-gopireddy/','546-551-2014','106-823-9215','com036','loc008','job006')
INSERT INTO [dbo].[Alumni] (alumniId,fName,mName,lName,gradYear,gradTerm,empStatus,workYears,email,linkdinURL,officeNum,mobileNum,comId,locId,jobId)Values ( 'alm0083','Ishan',' ','Goradia','2016','winter','employed','2','ishan.goradia@rhsmith.umd.edu','https://www.linkedin.com/in/ishan-goradia/','277-715-1631','570-200-1079','com062','loc010','job009')
INSERT INTO [dbo].[Alumni] (alumniId,fName,mName,lName,gradYear,gradTerm,empStatus,workYears,email,linkdinURL,officeNum,mobileNum,comId,locId,jobId)Values ( 'alm0084','Tianqi',' ','Gu','2016','winter','employed','1.5','tianqi.gu@rhsmith.umd.edu','https://www.linkedin.com/in/tenkigu/','384-850-2331','735-688-1989','com063','loc003','job015')
INSERT INTO [dbo].[Alumni] (alumniId,fName,mName,lName,gradYear,gradTerm,empStatus,workYears,email,linkdinURL,officeNum,mobileNum,comId,locId,jobId)Values ( 'alm0085','Jiaming',' ','Guo','2016','winter','employed','1.5','jiaming.guo@rhsmith.umd.edu','https://www.linkedin.com/in/jiamingguo/','334-806-8945','318-245-0359','com064','loc033','job015')
INSERT INTO [dbo].[Alumni] (alumniId,fName,mName,lName,gradYear,gradTerm,empStatus,workYears,email,linkdinURL,officeNum,mobileNum,comId,locId,jobId)Values ( 'alm0086','Udit',' ','Gupta','2016','winter','employed','0.5','udit.gupta@rhsmith.umd.edu','https://www.linkedin.com/in/uditgupta23/','944-558-2759','787-450-4087','com007','loc034','job024')
INSERT INTO [dbo].[Alumni] (alumniId,fName,mName,lName,gradYear,gradTerm,empStatus,workYears,email,linkdinURL,officeNum,mobileNum,comId,locId,jobId)Values ( 'alm0087','Gaurav',' ','Hegde','2016','winter','employed','1.5','gaurav.hegde@rhsmith.umd.edu','https://www.linkedin.com/in/gaurav-hegde-94a0005b/','566-920-8838','408-121-0719','com065','loc019','job020')
INSERT INTO [dbo].[Alumni] (alumniId,fName,mName,lName,gradYear,gradTerm,empStatus,workYears,email,linkdinURL,officeNum,mobileNum,comId,locId,jobId)Values ( 'alm0088','Sripradha','Ravi','Iyer','2016','winter','employed','1.5','sripradha.iyer@rhsmith.umd.edu','https://www.linkedin.com/in/sripradhar28/','795-910-7606','357-346-2279','com066','loc016','job016')
INSERT INTO [dbo].[Alumni] (alumniId,fName,mName,lName,gradYear,gradTerm,empStatus,workYears,email,linkdinURL,officeNum,mobileNum,comId,locId,jobId)Values ( 'alm0089','Mahesh','Chandra','Kambhampati','2017','winter','Employed ','1','Mahesh.Kambhampati@rhsmith.umd.edu','https://www.linkedin.com/in/mkambhampati16/','368-858-2100','631-659-4174','com025','loc008','job003')
INSERT INTO [dbo].[Alumni] (alumniId,fName,mName,lName,gradYear,gradTerm,empStatus,workYears,email,linkdinURL,officeNum,mobileNum,comId,locId,jobId)Values ( 'alm0090','Jai',' ','Kapoor','2017','winter','Employed ','1','jia.kapoor@rhsmith.umd.edu','https://www.linkedin.com/in/jaipkapoor/','989-577-2975','445-114-4045','com027','loc013','job003')
INSERT INTO [dbo].[Alumni] (alumniId,fName,mName,lName,gradYear,gradTerm,empStatus,workYears,email,linkdinURL,officeNum,mobileNum,comId,locId,jobId)Values ( 'alm0091','Arpit',' ','Kapoor','2017','winter','Employed ','1.5','arpit.kapoor@rhsmith.umd.edu','https://www.linkedin.com/in/arpit-kapoor/','358-450-4640','834-882-9479','com029','loc019','job003')
INSERT INTO [dbo].[Alumni] (alumniId,fName,mName,lName,gradYear,gradTerm,empStatus,workYears,email,linkdinURL,officeNum,mobileNum,comId,locId,jobId)Values ( 'alm0092','Tanika',' ','Karnik','2017','winter','Employed ','1.5','tanika.karnik@rhsmith.umd.edu','https://www.linkedin.com/in/tanikakarnik/','832-283-6153','237-759-9210','com033','loc022','job001')
INSERT INTO [dbo].[Alumni] (alumniId,fName,mName,lName,gradYear,gradTerm,empStatus,workYears,email,linkdinURL,officeNum,mobileNum,comId,locId,jobId)Values ( 'alm0093','Sagar',' ','Khanwalkar','2017','winter','Employed ','1','sagar.khanwalkar@rhsmith.umd.edu','https://www.linkedin.com/in/sagar-khanwalkar/','610-710-0611','129-861-2093','com035','loc003','job014')
INSERT INTO [dbo].[Alumni] (alumniId,fName,mName,lName,gradYear,gradTerm,empStatus,workYears,email,linkdinURL,officeNum,mobileNum,comId,locId,jobId)Values ( 'alm0094','Lingzi',' ','Kong','2017','winter','Employed ','1.5','lingzi.kong@rhsmith.umd.edu','https://www.linkedin.com/in/lingzi-kong/','711-366-9808','415-986-3417','com038','loc023','job018')
INSERT INTO [dbo].[Alumni] (alumniId,fName,mName,lName,gradYear,gradTerm,empStatus,workYears,email,linkdinURL,officeNum,mobileNum,comId,locId,jobId)Values ( 'alm0095','Asmita',' ','Kumar','2017','winter','Employed ','1','asmita.kumar@rhsmith.umd.edu','https://www.linkedin.com/in/asmita-k-7472087b/','255-597-8659','448-939-8449','com041','loc025','job009')
INSERT INTO [dbo].[Alumni] (alumniId,fName,mName,lName,gradYear,gradTerm,empStatus,workYears,email,linkdinURL,officeNum,mobileNum,comId,locId,jobId)Values ( 'alm0096','Shambhavi',' ','Kumar','2017','winter','Employed ','2','shambhavi.kumar@rhsmith.umd.edu','https://www.linkedin.com/in/shambhavikumar/','713-425-3096','649-401-5346','com042','loc020','job009')
INSERT INTO [dbo].[Alumni] (alumniId,fName,mName,lName,gradYear,gradTerm,empStatus,workYears,email,linkdinURL,officeNum,mobileNum,comId,locId,jobId)Values ( 'alm0097','Akshay',' ','Kumbhar','2017','winter','Employed ','1.5','akshay.kumbhar@rhsmith.umd.edu','https://www.linkedin.com/in/akshay-kumbhar/','165-857-9274','410-481-2455','com043','loc001','job015')
INSERT INTO [dbo].[Alumni] (alumniId,fName,mName,lName,gradYear,gradTerm,empStatus,workYears,email,linkdinURL,officeNum,mobileNum,comId,locId,jobId)Values ( 'alm0098','Shreyas',' ','Kupekar','2017','winter','Employed ','1','shreyas.kupekar@rhsmith.umd.edu','https://www.linkedin.com/in/shreyaskupekar/','141-133-4608','869-504-2006','com043','loc001','job009')
INSERT INTO [dbo].[Alumni] (alumniId,fName,mName,lName,gradYear,gradTerm,empStatus,workYears,email,linkdinURL,officeNum,mobileNum,comId,locId,jobId)Values ( 'alm0099','Ryan',' ','Li','2017','winter','Employed ','1.5','ryan.li@rhsmith.umd.edu','https://www.linkedin.com/in/ryanli42/','845-890-4787','698-558-0352','com044','loc020','job018')
INSERT INTO [dbo].[Alumni] (alumniId,fName,mName,lName,gradYear,gradTerm,empStatus,workYears,email,linkdinURL,officeNum,mobileNum,comId,locId,jobId)Values ( 'alm0100','Lingbo',' ','Li','2017','winter','Employed ','1','lingbo.li@rhsmith.umd.edu','https://www.linkedin.com/in/lingbo-li-058031138/','243-770-4995','207-267-9086','com045','loc018','job010')
INSERT INTO [dbo].[Alumni] (alumniId,fName,mName,lName,gradYear,gradTerm,empStatus,workYears,email,linkdinURL,officeNum,mobileNum,comId,locId,jobId)Values ( 'alm0101','Xiaohan',' ','Lin','2017','winter','Employed ','2.5','xiaohan.lin@rhsmith.umd.edu','https://www.linkedin.com/in/josephlin1129/','158-975-9535','622-386-2084','com046','loc008','job003')
INSERT INTO [dbo].[Alumni] (alumniId,fName,mName,lName,gradYear,gradTerm,empStatus,workYears,email,linkdinURL,officeNum,mobileNum,comId,locId,jobId)Values ( 'alm0102','Lisha',' ','Liu','2017','winter','Employed ','1.5','lisha.liu@rhsmith.umd.edu','https://www.linkedin.com/in/lisha-liu/','917-643-6966','180-209-0593','com047','loc015','job010')
INSERT INTO [dbo].[Alumni] (alumniId,fName,mName,lName,gradYear,gradTerm,empStatus,workYears,email,linkdinURL,officeNum,mobileNum,comId,locId,jobId)Values ( 'alm0103','Tong',' ','Lu','2017','winter','Not Employed','1','tong.lu@rhsmith.umd.edu','https://www.linkedin.com/in/tonglu0624/','709-931-1062','457-524-8808','com000','loc000','job000')
INSERT INTO [dbo].[Alumni] (alumniId,fName,mName,lName,gradYear,gradTerm,empStatus,workYears,email,linkdinURL,officeNum,mobileNum,comId,locId,jobId)Values ( 'alm0104','Prakhar',' ','Singh','2016','winter','Employed ','2','prakhar.singh@rhsmith.umd.edu','https://www.linkedin.com/in/prakharumd/','127-344-4314','856-695-4786','com051','loc018','job014')
INSERT INTO [dbo].[Alumni] (alumniId,fName,mName,lName,gradYear,gradTerm,empStatus,workYears,email,linkdinURL,officeNum,mobileNum,comId,locId,jobId)Values ( 'alm0105','Aasish',' ','Sipani','2016','winter','Employed ','3','aasish.sipani@rhsmith.umd.edu','https://www.linkedin.com/in/aasish-sipani-99145038/','113-536-9946','643-809-9924','com054','loc018','job002')
INSERT INTO [dbo].[Alumni] (alumniId,fName,mName,lName,gradYear,gradTerm,empStatus,workYears,email,linkdinURL,officeNum,mobileNum,comId,locId,jobId)Values ( 'alm0106','Sonal',' ','Sonawane','2016','winter','Employed ','3','sonal.sonawane@rhsmith.umd.edu','https://www.linkedin.com/in/sonal-sonawane-131190/','873-163-9484','191-187-2693','com055','loc030','job010')
INSERT INTO [dbo].[Alumni] (alumniId,fName,mName,lName,gradYear,gradTerm,empStatus,workYears,email,linkdinURL,officeNum,mobileNum,comId,locId,jobId)Values ( 'alm0107','Rong',' ','Sun','2016','winter','Employed ','1.5','rong.sun@rhsmith.umd.edu','https://www.linkedin.com/in/rongsun/','300-706-7852','112-294-1141','com069','loc036','job009')
INSERT INTO [dbo].[Alumni] (alumniId,fName,mName,lName,gradYear,gradTerm,empStatus,workYears,email,linkdinURL,officeNum,mobileNum,comId,locId,jobId)Values ( 'alm0108','Nikita',' ','Tamot','2016','winter','Employed ','2.5','nikita.tamot@rhsmith.umd.edu','https://www.linkedin.com/in/nikitatamot/','371-174-9965','771-866-7673','com070','loc037','job010')
INSERT INTO [dbo].[Alumni] (alumniId,fName,mName,lName,gradYear,gradTerm,empStatus,workYears,email,linkdinURL,officeNum,mobileNum,comId,locId,jobId)Values ( 'alm0109','Nitin',' ','Tolani','2016','winter','Employed ','2','nitin.tolani@rhsmith.umd.edu','https://www.linkedin.com/in/nitin-tolani-0b49ab29/','403-604-7773','461-832-6321','com071','loc018','job007')
INSERT INTO [dbo].[Alumni] (alumniId,fName,mName,lName,gradYear,gradTerm,empStatus,workYears,email,linkdinURL,officeNum,mobileNum,comId,locId,jobId)Values ( 'alm0110','Anshul',' ','Uchil','2016','winter','Employed ','1.5','anshul.uchil@rhsmith.umd.edu','https://www.linkedin.com/in/anshuluchil/','834-187-7101','227-450-3629','com072','loc010','job009')
INSERT INTO [dbo].[Alumni] (alumniId,fName,mName,lName,gradYear,gradTerm,empStatus,workYears,email,linkdinURL,officeNum,mobileNum,comId,locId,jobId)Values ( 'alm0111','Rahul',' ','Udayashankar','2016','winter','Employed ','1.5','rahul.udayashankar@rhsmith.umd.edu','https://www.linkedin.com/in/rahul-udayashankar-0a337688/','593-990-8005','669-808-5977','com073','loc038','job020')
INSERT INTO [dbo].[Alumni] (alumniId,fName,mName,lName,gradYear,gradTerm,empStatus,workYears,email,linkdinURL,officeNum,mobileNum,comId,locId,jobId)Values ( 'alm0112','Vivek',' ','Vepa','2016','winter','Employed ','2','vivek.vepa@rhsmith.umd.edu','https://www.linkedin.com/in/vivekvepa/','466-242-1218','578-100-1703','com074','loc039','job010')
INSERT INTO [dbo].[Alumni] (alumniId,fName,mName,lName,gradYear,gradTerm,empStatus,workYears,email,linkdinURL,officeNum,mobileNum,comId,locId,jobId)Values ( 'alm0113','Deepthi',' ','Viswanath','2016','winter','Employed ','1.5','deepthi.viswanath@rhsmith.umd.edu','https://www.linkedin.com/in/vdeepthi/','815-335-9193','133-502-7899','com075','loc018','job010')
INSERT INTO [dbo].[Alumni] (alumniId,fName,mName,lName,gradYear,gradTerm,empStatus,workYears,email,linkdinURL,officeNum,mobileNum,comId,locId,jobId)Values ( 'alm0114','Kehui',' ','Zhang','2016','winter','Employed ','1.5','kehui.zhang@rhsmith.umd.edu','https://www.linkedin.com/in/kehui-zhang-160910113/','372-364-4964','801-412-4103','com076','loc003','job001')
INSERT INTO [dbo].[Alumni] (alumniId,fName,mName,lName,gradYear,gradTerm,empStatus,workYears,email,linkdinURL,officeNum,mobileNum,comId,locId,jobId)Values ( 'alm0115','Shantanu',' ','Mishra','2016','winter','Employed','5','shantanu.mishra@rhsmith.umd.edu','https://www.linkedin.com/in/shantanu-mishra-86979138/','847-241-4471','392-659-7590','com099','loc015','job015')
INSERT INTO [dbo].[Alumni] (alumniId,fName,mName,lName,gradYear,gradTerm,empStatus,workYears,email,linkdinURL,officeNum,mobileNum,comId,locId,jobId)Values ( 'alm0116','Vibhu',' ','Mongha','2016','winter','Employed','4','vibhu.monhga@rhsmith.umd.edu','https://www.linkedin.com/in/vibhumongha/','615-769-5223','889-595-8454','com100','loc029','job010')
INSERT INTO [dbo].[Alumni] (alumniId,fName,mName,lName,gradYear,gradTerm,empStatus,workYears,email,linkdinURL,officeNum,mobileNum,comId,locId,jobId)Values ( 'alm0117','Ashwin',' ','Moodumane','2016','winter','Employed','2','ashiwin.moodumane@rhsmith.umd.edu','https://www.linkedin.com/in/ashwinmoodumane/','641-356-2341','210-571-3435','com087','loc029','job001')
INSERT INTO [dbo].[Alumni] (alumniId,fName,mName,lName,gradYear,gradTerm,empStatus,workYears,email,linkdinURL,officeNum,mobileNum,comId,locId,jobId)Values ( 'alm0118','Sohni',' ','Nagpal','2016','winter','Employed','2','sohni.nagpal@rhsmith.umd.edu','https://www.linkedin.com/in/sohni-nagpal-5940ba104/','832-176-0101','839-155-7032','com007','loc044','job037')
INSERT INTO [dbo].[Alumni] (alumniId,fName,mName,lName,gradYear,gradTerm,empStatus,workYears,email,linkdinURL,officeNum,mobileNum,comId,locId,jobId)Values ( 'alm0119','Yilin',' ','Wang','2017','winter','Employed','2','yilin.wang@rhsmith.umd.edu','https://www.linkedin.com/in/wangyilin/','828-751-2256','231-573-2839','com019','loc014','job015')
INSERT INTO [dbo].[Alumni] (alumniId,fName,mName,lName,gradYear,gradTerm,empStatus,workYears,email,linkdinURL,officeNum,mobileNum,comId,locId,jobId)Values ( 'alm0120','Yage',' ','Wang','2017','winter','Employed','1.5','yage.wang@rhsmith.umd.edu','https://www.linkedin.com/in/yage-jacob-wang-54876571/','617-181-6143','152-660-0824','com021','loc024','job009')
INSERT INTO [dbo].[Alumni] (alumniId,fName,mName,lName,gradYear,gradTerm,empStatus,workYears,email,linkdinURL,officeNum,mobileNum,comId,locId,jobId)Values ( 'alm0121','Mengyun',' ','Wang','2017','winter','unemploayed ','1.5','mengyun.wang@rhsmith.umd.edu','https://www.linkedin.com/in/mengyuan-wang-344805126/','777-160-8955','505-922-6211','com000','loc000','job000')
INSERT INTO [dbo].[Alumni] (alumniId,fName,mName,lName,gradYear,gradTerm,empStatus,workYears,email,linkdinURL,officeNum,mobileNum,comId,locId,jobId)Values ( 'alm0122','Lina',' ','Xie','2017','winter','Employed','2','lina.Xie@rhsmith.umd.edu','https://www.linkedin.com/in/lina-xie/','941-429-9371','485-378-7644','com048','loc026','job015')
INSERT INTO [dbo].[Alumni] (alumniId,fName,mName,lName,gradYear,gradTerm,empStatus,workYears,email,linkdinURL,officeNum,mobileNum,comId,locId,jobId)Values ( 'alm0123','Xin',' ','Yu','2017','winter','employed','1','xin.yu@rhsmith.umd.edu','https://www.linkedin.com/in/ariel-yu/','519-368-0653','755-778-8336','com043','loc001','job001')
INSERT INTO [dbo].[Alumni] (alumniId,fName,mName,lName,gradYear,gradTerm,empStatus,workYears,email,linkdinURL,officeNum,mobileNum,comId,locId,jobId)Values ( 'alm0124','Lulu ',' ','Zhang','2017','winter','employed','2','lulu.Zhang@rhsmith.umd.edu','https://www.linkedin.com/in/luluzhang-lz/','119-793-9017','772-316-7368','com049','loc027','job019')
INSERT INTO [dbo].[Alumni] (alumniId,fName,mName,lName,gradYear,gradTerm,empStatus,workYears,email,linkdinURL,officeNum,mobileNum,comId,locId,jobId)Values ( 'alm0125','Nan',' ','Zhang','2017','winter','Employed','1.5','Nan.Zhang@rhsmith.umd.edu','https://www.linkedin.com/in/angie-nan-zhang-4b1332b0/','780-370-5116','180-376-5113','com053','loc029','job010')
INSERT INTO [dbo].[Alumni] (alumniId,fName,mName,lName,gradYear,gradTerm,empStatus,workYears,email,linkdinURL,officeNum,mobileNum,comId,locId,jobId)Values ( 'alm0126','Zijing',' ','Zhang','2017','winter','Employed','1','Zijing.Zhang@rhsmith.umd.edu','https://www.linkedin.com/in/zijing-judy-zhang/','387-314-1842','752-625-8779','com000','loc000','job000')
INSERT INTO [dbo].[Alumni] (alumniId,fName,mName,lName,gradYear,gradTerm,empStatus,workYears,email,linkdinURL,officeNum,mobileNum,comId,locId,jobId)Values ( 'alm0127','Wei',' ','Zhao','2017','winter','Employed','1','wei.Zhao@rhsmith.umd.edu','https://www.linkedin.com/in/wei-zhao-273171127/','498-369-1870','371-699-0016','com056','loc013','job015')
INSERT INTO [dbo].[Alumni] (alumniId,fName,mName,lName,gradYear,gradTerm,empStatus,workYears,email,linkdinURL,officeNum,mobileNum,comId,locId,jobId)Values ( 'alm0128','Dongmin',' ','Zheng','2017','winter','Employed','1','dongmin.Zheng@rhsmith.umd.edu','https://www.linkedin.com/in/dongmin-zheng-503952a9/','942-169-2906','421-387-9319','com005','loc004','job021')
INSERT INTO [dbo].[Alumni] (alumniId,fName,mName,lName,gradYear,gradTerm,empStatus,workYears,email,linkdinURL,officeNum,mobileNum,comId,locId,jobId)Values ( 'alm0129','Yi',' ','Zheng','2017','winter','Employed','2','yizheng@rhsmith.umd.edu','https://www.linkedin.com/in/eyizheng/','475-277-4139','833-164-7445','com015','loc010','job009')
INSERT INTO [dbo].[Alumni] (alumniId,fName,mName,lName,gradYear,gradTerm,empStatus,workYears,email,linkdinURL,officeNum,mobileNum,comId,locId,jobId)Values ( 'alm0130','Akshar',' ','Krishnamurthy','2016','winter','employed','5','AksharKrishnamurthy@rhsmith.umd.edu','https://www.linkedin.com/in/akshar-krishnamurthy-43225338/','940-791-7746','434-137-1700','com083','loc044','job010')
INSERT INTO [dbo].[Alumni] (alumniId,fName,mName,lName,gradYear,gradTerm,empStatus,workYears,email,linkdinURL,officeNum,mobileNum,comId,locId,jobId)Values ( 'alm0131','Shuming',' ','Li','2016','winter','unemploayed ','2.5','shuming.li@rhsmith.umd.edu','https://www.linkedin.com/in/sumenq/','494-444-2280','678-437-4277','com000','loc000','job000')
INSERT INTO [dbo].[Alumni] (alumniId,fName,mName,lName,gradYear,gradTerm,empStatus,workYears,email,linkdinURL,officeNum,mobileNum,comId,locId,jobId)Values ( 'alm0132','Mengni',' ','Li','2016','winter','unemploayed ','0.5','mengni.li@rhsmith.umd.edu','https://www.linkedin.com/in/mengni/','768-615-2177','411-142-3624','com000','loc000','job000')
INSERT INTO [dbo].[Alumni] (alumniId,fName,mName,lName,gradYear,gradTerm,empStatus,workYears,email,linkdinURL,officeNum,mobileNum,comId,locId,jobId)Values ( 'alm0133','Ming',' ','Liao','2016','winter','Employed','2','ming.liao@rhsmith.umd.edu','https://www.linkedin.com/in/ming-liao/','175-403-5179','287-975-7937','com088','loc016','job015')
INSERT INTO [dbo].[Alumni] (alumniId,fName,mName,lName,gradYear,gradTerm,empStatus,workYears,email,linkdinURL,officeNum,mobileNum,comId,locId,jobId)Values ( 'alm0134','Nuozhou',' ','Ling','2016','winter','Employed','2','nuozhou.ling@rhsmith.umd.edu','https://www.linkedin.com/in/nora-nuozhou-ling-2b566043/','349-235-2599','626-343-1848','com090','loc008','job006')
INSERT INTO [dbo].[Alumni] (alumniId,fName,mName,lName,gradYear,gradTerm,empStatus,workYears,email,linkdinURL,officeNum,mobileNum,comId,locId,jobId)Values ( 'alm0135','Aditya',' ','Safi','2016','winter','Employed','2','aditya.safi@rhsmith.umd.edu','https://www.linkedin.com/in/aditya-safi-bb8bb6a9/','942-358-5881','787-757-3549','com092','loc047','job033')
INSERT INTO [dbo].[Alumni] (alumniId,fName,mName,lName,gradYear,gradTerm,empStatus,workYears,email,linkdinURL,officeNum,mobileNum,comId,locId,jobId)Values ( 'alm0136','Xiao',' ','Liu','2016','winter','Employed','3','xiao.liu@rhsmith.umd.edu','https://www.linkedin.com/in/xiaoliu11/','737-865-4697','291-206-8990','com093','loc033','job015')
INSERT INTO [dbo].[Alumni] (alumniId,fName,mName,lName,gradYear,gradTerm,empStatus,workYears,email,linkdinURL,officeNum,mobileNum,comId,locId,jobId)Values ( 'alm0137','Pratiksha',' ','Sathe','2016','winter','Employed','2','pratiksha.sathe@rhsmith.umd.edu','https://www.linkedin.com/in/pratikshasathe/','815-379-2328','900-401-8880','com084','loc004','job034')
INSERT INTO [dbo].[Alumni] (alumniId,fName,mName,lName,gradYear,gradTerm,empStatus,workYears,email,linkdinURL,officeNum,mobileNum,comId,locId,jobId)Values ( 'alm0138','Sneha',' ','Saxena','2016','winter','Employed','2','sneha.saxena@rhsmith.umd.edu','https://www.linkedin.com/in/sneha-saxena-8a0b1320/','590-538-6663','678-318-1116','com094','loc048','job035')
INSERT INTO [dbo].[Alumni] (alumniId,fName,mName,lName,gradYear,gradTerm,empStatus,workYears,email,linkdinURL,officeNum,mobileNum,comId,locId,jobId)Values ( 'alm0139','Jiayi',' ','Liu','2016','winter','unemploayed ','1','jiayi.liu@rhsmith.umd.edu','https://www.linkedin.com/in/jiayi-liu-996802105/','706-429-4408','238-443-8843','com000','loc000','job000')
INSERT INTO [dbo].[Alumni] (alumniId,fName,mName,lName,gradYear,gradTerm,empStatus,workYears,email,linkdinURL,officeNum,mobileNum,comId,locId,jobId)Values ( 'alm0140','Mohit',' ','Mahindroo','2016','winter','Employed','4','mhit.mahindroo@rhsmith.umd.edu','https://www.linkedin.com/in/mahindroo/','109-472-2179','213-833-3605','com071','loc016','job014')
INSERT INTO [dbo].[Alumni] (alumniId,fName,mName,lName,gradYear,gradTerm,empStatus,workYears,email,linkdinURL,officeNum,mobileNum,comId,locId,jobId)Values ( 'alm0141','Ashim',' ','Seth','2016','winter','Employed','2','ashim.seth@rhsmith.umd.edu','https://www.linkedin.com/in/sethashim/','384-755-7589','156-154-1644','com095','loc049','job010')
INSERT INTO [dbo].[Alumni] (alumniId,fName,mName,lName,gradYear,gradTerm,empStatus,workYears,email,linkdinURL,officeNum,mobileNum,comId,locId,jobId)Values ( 'alm0142','Shilpa',' ','Mandala','2016','winter','Employed','5','shilpamandala@rhsmith.umd.edu','https://www.linkedin.com/in/shilpamandala/','411-472-1267','670-391-2819','com009','loc008','job010')
INSERT INTO [dbo].[Alumni] (alumniId,fName,mName,lName,gradYear,gradTerm,empStatus,workYears,email,linkdinURL,officeNum,mobileNum,comId,locId,jobId)Values ( 'alm0143','Sagar',' ','Maniar','2016','winter','Employed','2','sagar.maniar@rhsmith.umd.edu','https://www.linkedin.com/in/sagarmaniar/','975-356-2878','828-835-9668','com096','loc050','job010')
INSERT INTO [dbo].[Alumni] (alumniId,fName,mName,lName,gradYear,gradTerm,empStatus,workYears,email,linkdinURL,officeNum,mobileNum,comId,locId,jobId)Values ( 'alm0144','Samyak',' ','Shah','2016','winter','Employed','1.5','samyak.shah@rhsmith.umd.edu','https://www.linkedin.com/in/samyak-shah-3a027b74/','441-752-0794','892-277-6636','com007','loc008','job008')
INSERT INTO [dbo].[Alumni] (alumniId,fName,mName,lName,gradYear,gradTerm,empStatus,workYears,email,linkdinURL,officeNum,mobileNum,comId,locId,jobId)Values ( 'alm0145','Tanvi',' ','Shah','2016','winter','Employed','2','tanvi.shah@rhsmith.umd.ed','https://www.linkedin.com/in/tanvishah2015/','161-181-6865','234-916-3524','com013','loc009','job036')
INSERT INTO [dbo].[Alumni] (alumniId,fName,mName,lName,gradYear,gradTerm,empStatus,workYears,email,linkdinURL,officeNum,mobileNum,comId,locId,jobId)Values ( 'alm0146','Natasha',' ','Medina','2016','winter','Employed','3','natasha.medina@rhsmith.umd.edu','https://www.linkedin.com/in/natashasmedina/','747-876-4733','991-535-9520','com097','loc015','job024')
INSERT INTO [dbo].[Alumni] (alumniId,fName,mName,lName,gradYear,gradTerm,empStatus,workYears,email,linkdinURL,officeNum,mobileNum,comId,locId,jobId)Values ( 'alm0147','Priyash',' ','Shahane','2016','winter','Employed','2','priyash.shahane@rhsmith.umd.edu','https://www.linkedin.com/in/priyashs/','129-711-9138','510-204-7680','com009','loc008','job033')
INSERT INTO [dbo].[Alumni] (alumniId,fName,mName,lName,gradYear,gradTerm,empStatus,workYears,email,linkdinURL,officeNum,mobileNum,comId,locId,jobId)Values ( 'alm0148','Anubhuti',' ','Mishra','2016','winter','Employed','6','anubhuti.mishra@rhsmith.umd.edu','https://www.linkedin.com/in/anubhuti-mishra-1958298/','936-732-5461','341-513-6011','com098','loc008','job037')
INSERT INTO [dbo].[Alumni] (alumniId,fName,mName,lName,gradYear,gradTerm,empStatus,workYears,email,linkdinURL,officeNum,mobileNum,comId,locId,jobId)Values ( 'alm0149','Durgesh',' ','Shukla','2016','winter','Employed','1','durgesh.shukla@rhsmith.umd.edu','https://www.linkedin.com/in/shukladurgesh/','193-538-5301','831-616-7860','com007','loc008','job011')
INSERT INTO [dbo].[Alumni] (alumniId,fName,mName,lName,gradYear,gradTerm,empStatus,workYears,email,linkdinURL,officeNum,mobileNum,comId,locId,jobId)Values ( 'alm0150','Navdeep',' ','Nara','2016','winter','Employed','3','navdeep.nara@rhsmith.umd.edu','https://www.linkedin.com/in/naranav/','111-387-5811','869-245-3775','com101','loc051','job012')
INSERT INTO [dbo].[Alumni] (alumniId,fName,mName,lName,gradYear,gradTerm,empStatus,workYears,email,linkdinURL,officeNum,mobileNum,comId,locId,jobId)Values ( 'alm0151','Shruti',' ','Nayar','2016','winter','Employed','5','shruti.nayar@rhsmith.umd.edu','https://www.linkedin.com/in/shrutinayar/','205-112-3134','223-412-4214','com102','loc016','job038')

INSERT INTO [dbo].[Certification] (alumniId, skillId, certName, certDate)Values ( 'alm0001','skill001','','')
INSERT INTO [dbo].[Certification] (alumniId, skillId, certName, certDate)Values ( 'alm0001','skill002','','')
INSERT INTO [dbo].[Certification] (alumniId, skillId, certName, certDate)Values ( 'alm0001','skill003','','')
INSERT INTO [dbo].[Certification] (alumniId, skillId, certName, certDate)Values ( 'alm0002','skill001','','')
INSERT INTO [dbo].[Certification] (alumniId, skillId, certName, certDate)Values ( 'alm0002','skill004','','')
INSERT INTO [dbo].[Certification] (alumniId, skillId, certName, certDate)Values ( 'alm0002','skill005','','')
INSERT INTO [dbo].[Certification] (alumniId, skillId, certName, certDate)Values ( 'alm0003','skill003','','')
INSERT INTO [dbo].[Certification] (alumniId, skillId, certName, certDate)Values ( 'alm0003','skill006','','')
INSERT INTO [dbo].[Certification] (alumniId, skillId, certName, certDate)Values ( 'alm0004','skill006','','')
INSERT INTO [dbo].[Certification] (alumniId, skillId, certName, certDate)Values ( 'alm0004','skill007','','')
INSERT INTO [dbo].[Certification] (alumniId, skillId, certName, certDate)Values ( 'alm0005','skill008','','')
INSERT INTO [dbo].[Certification] (alumniId, skillId, certName, certDate)Values ( 'alm0006','skill009','','')
INSERT INTO [dbo].[Certification] (alumniId, skillId, certName, certDate)Values ( 'alm0006','skill010','','')
INSERT INTO [dbo].[Certification] (alumniId, skillId, certName, certDate)Values ( 'alm0007','skill001','','')
INSERT INTO [dbo].[Certification] (alumniId, skillId, certName, certDate)Values ( 'alm0007','skill011','','')
INSERT INTO [dbo].[Certification] (alumniId, skillId, certName, certDate)Values ( 'alm0008','skill004','DataCampe Python','2017')
INSERT INTO [dbo].[Certification] (alumniId, skillId, certName, certDate)Values ( 'alm0009','skill001','Oracle India SQL','2013')
INSERT INTO [dbo].[Certification] (alumniId, skillId, certName, certDate)Values ( 'alm0009','skill005','','')
INSERT INTO [dbo].[Certification] (alumniId, skillId, certName, certDate)Values ( 'alm0030','skill001','','')
INSERT INTO [dbo].[Certification] (alumniId, skillId, certName, certDate)Values ( 'alm0030','skill003','','')
INSERT INTO [dbo].[Certification] (alumniId, skillId, certName, certDate)Values ( 'alm0030','skill011','','')
INSERT INTO [dbo].[Certification] (alumniId, skillId, certName, certDate)Values ( 'alm0010','skill003','','')
INSERT INTO [dbo].[Certification] (alumniId, skillId, certName, certDate)Values ( 'alm0031','skill011','','')
INSERT INTO [dbo].[Certification] (alumniId, skillId, certName, certDate)Values ( 'alm0031','skill015','','')
INSERT INTO [dbo].[Certification] (alumniId, skillId, certName, certDate)Values ( 'alm0011','skill011','','')
INSERT INTO [dbo].[Certification] (alumniId, skillId, certName, certDate)Values ( 'alm0032','skill001','','')
INSERT INTO [dbo].[Certification] (alumniId, skillId, certName, certDate)Values ( 'alm0032','skill011','','')
INSERT INTO [dbo].[Certification] (alumniId, skillId, certName, certDate)Values ( 'alm0032','skill016','','')
INSERT INTO [dbo].[Certification] (alumniId, skillId, certName, certDate)Values ( 'alm0012','skill001','','')
INSERT INTO [dbo].[Certification] (alumniId, skillId, certName, certDate)Values ( 'alm0012','skill011','','')
INSERT INTO [dbo].[Certification] (alumniId, skillId, certName, certDate)Values ( 'alm0033','skill015','SAP Certified Application Associate','2016')
INSERT INTO [dbo].[Certification] (alumniId, skillId, certName, certDate)Values ( 'alm0023','skill003','','')
INSERT INTO [dbo].[Certification] (alumniId, skillId, certName, certDate)Values ( 'alm0013','skill001','','')
INSERT INTO [dbo].[Certification] (alumniId, skillId, certName, certDate)Values ( 'alm0013','skill005','','')
INSERT INTO [dbo].[Certification] (alumniId, skillId, certName, certDate)Values ( 'alm0013','skill011','','')
INSERT INTO [dbo].[Certification] (alumniId, skillId, certName, certDate)Values ( 'alm0014','skill005','','')
INSERT INTO [dbo].[Certification] (alumniId, skillId, certName, certDate)Values ( 'alm0014','skill001','','')
INSERT INTO [dbo].[Certification] (alumniId, skillId, certName, certDate)Values ( 'alm0034','skill002','','')
INSERT INTO [dbo].[Certification] (alumniId, skillId, certName, certDate)Values ( 'alm0034','skill016','','')
INSERT INTO [dbo].[Certification] (alumniId, skillId, certName, certDate)Values ( 'alm0034','skill019','Microsoft Developing ASP.NET','')
INSERT INTO [dbo].[Certification] (alumniId, skillId, certName, certDate)Values ( 'alm0015','skill001','','')
INSERT INTO [dbo].[Certification] (alumniId, skillId, certName, certDate)Values ( 'alm0015','skill003','','')
INSERT INTO [dbo].[Certification] (alumniId, skillId, certName, certDate)Values ( 'alm0015','skill016','','')
INSERT INTO [dbo].[Certification] (alumniId, skillId, certName, certDate)Values ( 'alm0016','skill001','','')
INSERT INTO [dbo].[Certification] (alumniId, skillId, certName, certDate)Values ( 'alm0016','skill004','','')
INSERT INTO [dbo].[Certification] (alumniId, skillId, certName, certDate)Values ( 'alm0016','skill018','','')
INSERT INTO [dbo].[Certification] (alumniId, skillId, certName, certDate)Values ( 'alm0017','skill003','','')
INSERT INTO [dbo].[Certification] (alumniId, skillId, certName, certDate)Values ( 'alm0018','skill011','','')
INSERT INTO [dbo].[Certification] (alumniId, skillId, certName, certDate)Values ( 'alm0019','skill001','','')
INSERT INTO [dbo].[Certification] (alumniId, skillId, certName, certDate)Values ( 'alm0019','skill004','','')
INSERT INTO [dbo].[Certification] (alumniId, skillId, certName, certDate)Values ( 'alm0020','skill005','','')
INSERT INTO [dbo].[Certification] (alumniId, skillId, certName, certDate)Values ( 'alm0020','skill011','','')
INSERT INTO [dbo].[Certification] (alumniId, skillId, certName, certDate)Values ( 'alm0035','skill003','Google Analytics','')
INSERT INTO [dbo].[Certification] (alumniId, skillId, certName, certDate)Values ( 'alm0035','skill004','','')
INSERT INTO [dbo].[Certification] (alumniId, skillId, certName, certDate)Values ( 'alm0035','skill020','Certified Information Systems Security Professional','')
INSERT INTO [dbo].[Certification] (alumniId, skillId, certName, certDate)Values ( 'alm0036','skill001','','')
INSERT INTO [dbo].[Certification] (alumniId, skillId, certName, certDate)Values ( 'alm0036','skill003','','')
INSERT INTO [dbo].[Certification] (alumniId, skillId, certName, certDate)Values ( 'alm0036','skill007','','')
INSERT INTO [dbo].[Certification] (alumniId, skillId, certName, certDate)Values ( 'alm0036','skill011','','')
INSERT INTO [dbo].[Certification] (alumniId, skillId, certName, certDate)Values ( 'alm0037','skill001','','')
INSERT INTO [dbo].[Certification] (alumniId, skillId, certName, certDate)Values ( 'alm0037','skill005','','')
INSERT INTO [dbo].[Certification] (alumniId, skillId, certName, certDate)Values ( 'alm0037','skill018','','')
INSERT INTO [dbo].[Certification] (alumniId, skillId, certName, certDate)Values ( 'alm0038','skill001','','')
INSERT INTO [dbo].[Certification] (alumniId, skillId, certName, certDate)Values ( 'alm0038','skill004','','')
INSERT INTO [dbo].[Certification] (alumniId, skillId, certName, certDate)Values ( 'alm0038','skill005','Oracle Certified Professional Java SE 6 Programmer','2010')
INSERT INTO [dbo].[Certification] (alumniId, skillId, certName, certDate)Values ( 'alm0021','skill001','','')
INSERT INTO [dbo].[Certification] (alumniId, skillId, certName, certDate)Values ( 'alm0022','skill018','','')
INSERT INTO [dbo].[Certification] (alumniId, skillId, certName, certDate)Values ( 'alm0060','skill001','','')
INSERT INTO [dbo].[Certification] (alumniId, skillId, certName, certDate)Values ( 'alm0060','skill004','Python for Data Science','2018')
INSERT INTO [dbo].[Certification] (alumniId, skillId, certName, certDate)Values ( 'alm0060','skill011','','')
INSERT INTO [dbo].[Certification] (alumniId, skillId, certName, certDate)Values ( 'alm0061','skill001','','')
INSERT INTO [dbo].[Certification] (alumniId, skillId, certName, certDate)Values ( 'alm0061','skill007','','')
INSERT INTO [dbo].[Certification] (alumniId, skillId, certName, certDate)Values ( 'alm0061','skill002','','')
INSERT INTO [dbo].[Certification] (alumniId, skillId, certName, certDate)Values ( 'alm0064','skill005','','')
INSERT INTO [dbo].[Certification] (alumniId, skillId, certName, certDate)Values ( 'alm0064','skill011','','')
INSERT INTO [dbo].[Certification] (alumniId, skillId, certName, certDate)Values ( 'alm0064','skill018','','')
INSERT INTO [dbo].[Certification] (alumniId, skillId, certName, certDate)Values ( 'alm0065','skill001','','')
INSERT INTO [dbo].[Certification] (alumniId, skillId, certName, certDate)Values ( 'alm0065','skill004','Python for Data Science and Machine Learning Bootcamp','2018')
INSERT INTO [dbo].[Certification] (alumniId, skillId, certName, certDate)Values ( 'alm0065','skill016','Visual Analytics with Tablear','2017')
INSERT INTO [dbo].[Certification] (alumniId, skillId, certName, certDate)Values ( 'alm0066','skill001','','')
INSERT INTO [dbo].[Certification] (alumniId, skillId, certName, certDate)Values ( 'alm0066','skill004','','')
INSERT INTO [dbo].[Certification] (alumniId, skillId, certName, certDate)Values ( 'alm0066','skill005','','')
INSERT INTO [dbo].[Certification] (alumniId, skillId, certName, certDate)Values ( 'alm0067','skill004','','')
INSERT INTO [dbo].[Certification] (alumniId, skillId, certName, certDate)Values ( 'alm0067','skill011','','')
INSERT INTO [dbo].[Certification] (alumniId, skillId, certName, certDate)Values ( 'alm0068','skill004','Importing Data in Python','2018')
INSERT INTO [dbo].[Certification] (alumniId, skillId, certName, certDate)Values ( 'alm0068','skill002','','')
INSERT INTO [dbo].[Certification] (alumniId, skillId, certName, certDate)Values ( 'alm0068','skill001','','')
INSERT INTO [dbo].[Certification] (alumniId, skillId, certName, certDate)Values ( 'alm0069','skill002','','')
INSERT INTO [dbo].[Certification] (alumniId, skillId, certName, certDate)Values ( 'alm0069','skill018','','')
INSERT INTO [dbo].[Certification] (alumniId, skillId, certName, certDate)Values ( 'alm0089','skill001','','')
INSERT INTO [dbo].[Certification] (alumniId, skillId, certName, certDate)Values ( 'alm0089','skill002','','')
INSERT INTO [dbo].[Certification] (alumniId, skillId, certName, certDate)Values ( 'alm0089','skill003','','')
INSERT INTO [dbo].[Certification] (alumniId, skillId, certName, certDate)Values ( 'alm0089','skill004','','')
INSERT INTO [dbo].[Certification] (alumniId, skillId, certName, certDate)Values ( 'alm0089','skill005','','')
INSERT INTO [dbo].[Certification] (alumniId, skillId, certName, certDate)Values ( 'alm0089','skill007','','')
INSERT INTO [dbo].[Certification] (alumniId, skillId, certName, certDate)Values ( 'alm0089','skill008','','')
INSERT INTO [dbo].[Certification] (alumniId, skillId, certName, certDate)Values ( 'alm0089','skill009','','')
INSERT INTO [dbo].[Certification] (alumniId, skillId, certName, certDate)Values ( 'alm0089','skill012','','')
INSERT INTO [dbo].[Certification] (alumniId, skillId, certName, certDate)Values ( 'alm0089','skill013','','')
INSERT INTO [dbo].[Certification] (alumniId, skillId, certName, certDate)Values ( 'alm0089','skill014','','')
INSERT INTO [dbo].[Certification] (alumniId, skillId, certName, certDate)Values ( 'alm0089','skill017','','')
INSERT INTO [dbo].[Certification] (alumniId, skillId, certName, certDate)Values ( 'alm0089','skill018','','')
INSERT INTO [dbo].[Certification] (alumniId, skillId, certName, certDate)Values ( 'alm0089','skill019','','')
INSERT INTO [dbo].[Certification] (alumniId, skillId, certName, certDate)Values ( 'alm0089','skill020','','')
INSERT INTO [dbo].[Certification] (alumniId, skillId, certName, certDate)Values ( 'alm0089','skill021','ITIL Foundation Certificate','2014')
INSERT INTO [dbo].[Certification] (alumniId, skillId, certName, certDate)Values ( 'alm0090','skill001','','')
INSERT INTO [dbo].[Certification] (alumniId, skillId, certName, certDate)Values ( 'alm0090','skill002','','')
INSERT INTO [dbo].[Certification] (alumniId, skillId, certName, certDate)Values ( 'alm0090','skill003','Introduction to Data Analysis Using Excel','2016')
INSERT INTO [dbo].[Certification] (alumniId, skillId, certName, certDate)Values ( 'alm0090','skill004','Python Data Structures','2016')
INSERT INTO [dbo].[Certification] (alumniId, skillId, certName, certDate)Values ( 'alm0090','skill005','','')
INSERT INTO [dbo].[Certification] (alumniId, skillId, certName, certDate)Values ( 'alm0090','skill016','Master Tableau in Data Science','2017')
INSERT INTO [dbo].[Certification] (alumniId, skillId, certName, certDate)Values ( 'alm0091','skill001','','')
INSERT INTO [dbo].[Certification] (alumniId, skillId, certName, certDate)Values ( 'alm0091','skill008','','')
INSERT INTO [dbo].[Certification] (alumniId, skillId, certName, certDate)Values ( 'alm0091','skill002','','')
INSERT INTO [dbo].[Certification] (alumniId, skillId, certName, certDate)Values ( 'alm0091','skill004','','')
INSERT INTO [dbo].[Certification] (alumniId, skillId, certName, certDate)Values ( 'alm0091','skill016','','')
INSERT INTO [dbo].[Certification] (alumniId, skillId, certName, certDate)Values ( 'alm0092','skill001','Oracle Database','2017')
INSERT INTO [dbo].[Certification] (alumniId, skillId, certName, certDate)Values ( 'alm0092','skill002','','')
INSERT INTO [dbo].[Certification] (alumniId, skillId, certName, certDate)Values ( 'alm0092','skill004','','')
INSERT INTO [dbo].[Certification] (alumniId, skillId, certName, certDate)Values ( 'alm0092','skill007','','')
INSERT INTO [dbo].[Certification] (alumniId, skillId, certName, certDate)Values ( 'alm0093','skill001','','')
INSERT INTO [dbo].[Certification] (alumniId, skillId, certName, certDate)Values ( 'alm0093','skill002','','')
INSERT INTO [dbo].[Certification] (alumniId, skillId, certName, certDate)Values ( 'alm0093','skill003','','')
INSERT INTO [dbo].[Certification] (alumniId, skillId, certName, certDate)Values ( 'alm0093','skill004','','')
INSERT INTO [dbo].[Certification] (alumniId, skillId, certName, certDate)Values ( 'alm0093','skill005','','')
INSERT INTO [dbo].[Certification] (alumniId, skillId, certName, certDate)Values ( 'alm0093','skill007','','')
INSERT INTO [dbo].[Certification] (alumniId, skillId, certName, certDate)Values ( 'alm0093','skill008','','')
INSERT INTO [dbo].[Certification] (alumniId, skillId, certName, certDate)Values ( 'alm0093','skill016','','')
INSERT INTO [dbo].[Certification] (alumniId, skillId, certName, certDate)Values ( 'alm0093','skill018','','')
INSERT INTO [dbo].[Certification] (alumniId, skillId, certName, certDate)Values ( 'alm0024','skill001','','')
INSERT INTO [dbo].[Certification] (alumniId, skillId, certName, certDate)Values ( 'alm0094','skill001','','')
INSERT INTO [dbo].[Certification] (alumniId, skillId, certName, certDate)Values ( 'alm0094','skill002','','')
INSERT INTO [dbo].[Certification] (alumniId, skillId, certName, certDate)Values ( 'alm0094','skill003','','')
INSERT INTO [dbo].[Certification] (alumniId, skillId, certName, certDate)Values ( 'alm0094','skill004','','')
INSERT INTO [dbo].[Certification] (alumniId, skillId, certName, certDate)Values ( 'alm0094','skill005','','')
INSERT INTO [dbo].[Certification] (alumniId, skillId, certName, certDate)Values ( 'alm0094','skill006','','')
INSERT INTO [dbo].[Certification] (alumniId, skillId, certName, certDate)Values ( 'alm0094','skill007','','')
INSERT INTO [dbo].[Certification] (alumniId, skillId, certName, certDate)Values ( 'alm0094','skill014','','')
INSERT INTO [dbo].[Certification] (alumniId, skillId, certName, certDate)Values ( 'alm0094','skill015','','')
INSERT INTO [dbo].[Certification] (alumniId, skillId, certName, certDate)Values ( 'alm0094','skill016','','')
INSERT INTO [dbo].[Certification] (alumniId, skillId, certName, certDate)Values ( 'alm0095','skill001','','')
INSERT INTO [dbo].[Certification] (alumniId, skillId, certName, certDate)Values ( 'alm0095','skill002','','')
INSERT INTO [dbo].[Certification] (alumniId, skillId, certName, certDate)Values ( 'alm0095','skill003','','')
INSERT INTO [dbo].[Certification] (alumniId, skillId, certName, certDate)Values ( 'alm0095','skill004','','')
INSERT INTO [dbo].[Certification] (alumniId, skillId, certName, certDate)Values ( 'alm0095','skill005','','')
INSERT INTO [dbo].[Certification] (alumniId, skillId, certName, certDate)Values ( 'alm0095','skill006','','')
INSERT INTO [dbo].[Certification] (alumniId, skillId, certName, certDate)Values ( 'alm0095','skill007','','')
INSERT INTO [dbo].[Certification] (alumniId, skillId, certName, certDate)Values ( 'alm0096','skill001','','')
INSERT INTO [dbo].[Certification] (alumniId, skillId, certName, certDate)Values ( 'alm0096','skill002','','')
INSERT INTO [dbo].[Certification] (alumniId, skillId, certName, certDate)Values ( 'alm0096','skill003','','')
INSERT INTO [dbo].[Certification] (alumniId, skillId, certName, certDate)Values ( 'alm0096','skill004','','')
INSERT INTO [dbo].[Certification] (alumniId, skillId, certName, certDate)Values ( 'alm0097','skill001','','')
INSERT INTO [dbo].[Certification] (alumniId, skillId, certName, certDate)Values ( 'alm0097','skill002','','')
INSERT INTO [dbo].[Certification] (alumniId, skillId, certName, certDate)Values ( 'alm0097','skill003','','')
INSERT INTO [dbo].[Certification] (alumniId, skillId, certName, certDate)Values ( 'alm0097','skill004','','')
INSERT INTO [dbo].[Certification] (alumniId, skillId, certName, certDate)Values ( 'alm0097','skill005','','')
INSERT INTO [dbo].[Certification] (alumniId, skillId, certName, certDate)Values ( 'alm0098','skill001','','')
INSERT INTO [dbo].[Certification] (alumniId, skillId, certName, certDate)Values ( 'alm0098','skill002','','')
INSERT INTO [dbo].[Certification] (alumniId, skillId, certName, certDate)Values ( 'alm0098','skill003','','')
INSERT INTO [dbo].[Certification] (alumniId, skillId, certName, certDate)Values ( 'alm0098','skill004','','')
INSERT INTO [dbo].[Certification] (alumniId, skillId, certName, certDate)Values ( 'alm0098','skill007','','')
INSERT INTO [dbo].[Certification] (alumniId, skillId, certName, certDate)Values ( 'alm0099','skill001','','')
INSERT INTO [dbo].[Certification] (alumniId, skillId, certName, certDate)Values ( 'alm0099','skill011','','')
INSERT INTO [dbo].[Certification] (alumniId, skillId, certName, certDate)Values ( 'alm0099','skill014','','')
INSERT INTO [dbo].[Certification] (alumniId, skillId, certName, certDate)Values ( 'alm0099','skill002','R Programming','2016')
INSERT INTO [dbo].[Certification] (alumniId, skillId, certName, certDate)Values ( 'alm0100','skill001','','')
INSERT INTO [dbo].[Certification] (alumniId, skillId, certName, certDate)Values ( 'alm0100','skill002','','')
INSERT INTO [dbo].[Certification] (alumniId, skillId, certName, certDate)Values ( 'alm0100','skill003','','')
INSERT INTO [dbo].[Certification] (alumniId, skillId, certName, certDate)Values ( 'alm0100','skill004','','')
INSERT INTO [dbo].[Certification] (alumniId, skillId, certName, certDate)Values ( 'alm0100','skill005','','')
INSERT INTO [dbo].[Certification] (alumniId, skillId, certName, certDate)Values ( 'alm0100','skill007','','')
INSERT INTO [dbo].[Certification] (alumniId, skillId, certName, certDate)Values ( 'alm0100','skill011','','')
INSERT INTO [dbo].[Certification] (alumniId, skillId, certName, certDate)Values ( 'alm0101','skill001','','')
INSERT INTO [dbo].[Certification] (alumniId, skillId, certName, certDate)Values ( 'alm0101','skill016','','')
INSERT INTO [dbo].[Certification] (alumniId, skillId, certName, certDate)Values ( 'alm0101','skill002','','')
INSERT INTO [dbo].[Certification] (alumniId, skillId, certName, certDate)Values ( 'alm0101','skill003','','')
INSERT INTO [dbo].[Certification] (alumniId, skillId, certName, certDate)Values ( 'alm0101','skill011','','')
INSERT INTO [dbo].[Certification] (alumniId, skillId, certName, certDate)Values ( 'alm0102','skill001','','')
INSERT INTO [dbo].[Certification] (alumniId, skillId, certName, certDate)Values ( 'alm0102','skill002','','')
INSERT INTO [dbo].[Certification] (alumniId, skillId, certName, certDate)Values ( 'alm0102','skill005','','')
INSERT INTO [dbo].[Certification] (alumniId, skillId, certName, certDate)Values ( 'alm0102','skill008','','')
INSERT INTO [dbo].[Certification] (alumniId, skillId, certName, certDate)Values ( 'alm0119','skill001','','')
INSERT INTO [dbo].[Certification] (alumniId, skillId, certName, certDate)Values ( 'alm0119','skill002','','')
INSERT INTO [dbo].[Certification] (alumniId, skillId, certName, certDate)Values ( 'alm0119','skill016','','')
INSERT INTO [dbo].[Certification] (alumniId, skillId, certName, certDate)Values ( 'alm0120','skill003','','')
INSERT INTO [dbo].[Certification] (alumniId, skillId, certName, certDate)Values ( 'alm0120','skill004','','')
INSERT INTO [dbo].[Certification] (alumniId, skillId, certName, certDate)Values ( 'alm0120','skill002','','')
INSERT INTO [dbo].[Certification] (alumniId, skillId, certName, certDate)Values ( 'alm0121','skill001','','')
INSERT INTO [dbo].[Certification] (alumniId, skillId, certName, certDate)Values ( 'alm0121','skill002','','')
INSERT INTO [dbo].[Certification] (alumniId, skillId, certName, certDate)Values ( 'alm0121','skill016','','')
INSERT INTO [dbo].[Certification] (alumniId, skillId, certName, certDate)Values ( 'alm0122','skill001','','')
INSERT INTO [dbo].[Certification] (alumniId, skillId, certName, certDate)Values ( 'alm0122','skill022','','')
INSERT INTO [dbo].[Certification] (alumniId, skillId, certName, certDate)Values ( 'alm0122','skill002','','')
INSERT INTO [dbo].[Certification] (alumniId, skillId, certName, certDate)Values ( 'alm0123','skill001','Intro to SQL for Data Science Course','2018')
INSERT INTO [dbo].[Certification] (alumniId, skillId, certName, certDate)Values ( 'alm0123','skill002','','')
INSERT INTO [dbo].[Certification] (alumniId, skillId, certName, certDate)Values ( 'alm0123','skill003','Data Analyst with R Track','2018')
INSERT INTO [dbo].[Certification] (alumniId, skillId, certName, certDate)Values ( 'alm0124','skill001','','')
INSERT INTO [dbo].[Certification] (alumniId, skillId, certName, certDate)Values ( 'alm0124','skill002','','')
INSERT INTO [dbo].[Certification] (alumniId, skillId, certName, certDate)Values ( 'alm0124','skill005','Google Analytics','2018')
INSERT INTO [dbo].[Certification] (alumniId, skillId, certName, certDate)Values ( 'alm0039','skill001','','')
INSERT INTO [dbo].[Certification] (alumniId, skillId, certName, certDate)Values ( 'alm0039','skill002','','')
INSERT INTO [dbo].[Certification] (alumniId, skillId, certName, certDate)Values ( 'alm0039','skill004','Data Scientist with Python Track','')
INSERT INTO [dbo].[Certification] (alumniId, skillId, certName, certDate)Values ( 'alm0104','skill001','','')
INSERT INTO [dbo].[Certification] (alumniId, skillId, certName, certDate)Values ( 'alm0104','skill002','','')
INSERT INTO [dbo].[Certification] (alumniId, skillId, certName, certDate)Values ( 'alm0104','skill004','','')
INSERT INTO [dbo].[Certification] (alumniId, skillId, certName, certDate)Values ( 'alm0040','skill001','','')
INSERT INTO [dbo].[Certification] (alumniId, skillId, certName, certDate)Values ( 'alm0040','skill004','','')
INSERT INTO [dbo].[Certification] (alumniId, skillId, certName, certDate)Values ( 'alm0040','skill011','','')
INSERT INTO [dbo].[Certification] (alumniId, skillId, certName, certDate)Values ( 'alm0041','skill001','Exam 761','2017')
INSERT INTO [dbo].[Certification] (alumniId, skillId, certName, certDate)Values ( 'alm0041','skill002','','')
INSERT INTO [dbo].[Certification] (alumniId, skillId, certName, certDate)Values ( 'alm0041','skill004','','')
INSERT INTO [dbo].[Certification] (alumniId, skillId, certName, certDate)Values ( 'alm0106','skill005','','')
INSERT INTO [dbo].[Certification] (alumniId, skillId, certName, certDate)Values ( 'alm0106','skill007','','')
INSERT INTO [dbo].[Certification] (alumniId, skillId, certName, certDate)Values ( 'alm0106','skill002','','')
INSERT INTO [dbo].[Certification] (alumniId, skillId, certName, certDate)Values ( 'alm0105','skill002','','')
INSERT INTO [dbo].[Certification] (alumniId, skillId, certName, certDate)Values ( 'alm0105','skill003','','')
INSERT INTO [dbo].[Certification] (alumniId, skillId, certName, certDate)Values ( 'alm0105','skill004','','')
INSERT INTO [dbo].[Certification] (alumniId, skillId, certName, certDate)Values ( 'alm0127','skill001','','')
INSERT INTO [dbo].[Certification] (alumniId, skillId, certName, certDate)Values ( 'alm0127','skill002','','')
INSERT INTO [dbo].[Certification] (alumniId, skillId, certName, certDate)Values ( 'alm0127','skill005','','')
INSERT INTO [dbo].[Certification] (alumniId, skillId, certName, certDate)Values ( 'alm0042','skill008','','')
INSERT INTO [dbo].[Certification] (alumniId, skillId, certName, certDate)Values ( 'alm0042','skill018','','')
INSERT INTO [dbo].[Certification] (alumniId, skillId, certName, certDate)Values ( 'alm0042','skill004','','')
INSERT INTO [dbo].[Certification] (alumniId, skillId, certName, certDate)Values ( 'alm0128','skill001','','')
INSERT INTO [dbo].[Certification] (alumniId, skillId, certName, certDate)Values ( 'alm0128','skill011','','')
INSERT INTO [dbo].[Certification] (alumniId, skillId, certName, certDate)Values ( 'alm0128','skill007','','')
INSERT INTO [dbo].[Certification] (alumniId, skillId, certName, certDate)Values ( 'alm0043','skill002','Intermediate R','')
INSERT INTO [dbo].[Certification] (alumniId, skillId, certName, certDate)Values ( 'alm0043','skill003','','')
INSERT INTO [dbo].[Certification] (alumniId, skillId, certName, certDate)Values ( 'alm0043','skill004','','')
INSERT INTO [dbo].[Certification] (alumniId, skillId, certName, certDate)Values ( 'alm0129','skill001','Data Scientist with R Track','')
INSERT INTO [dbo].[Certification] (alumniId, skillId, certName, certDate)Values ( 'alm0129','skill002','Data Scientist with RythonTrack','')
INSERT INTO [dbo].[Certification] (alumniId, skillId, certName, certDate)Values ( 'alm0129','skill004','','')
INSERT INTO [dbo].[Certification] (alumniId, skillId, certName, certDate)Values ( 'alm0044','skill001','','')
INSERT INTO [dbo].[Certification] (alumniId, skillId, certName, certDate)Values ( 'alm0044','skill002','','')
INSERT INTO [dbo].[Certification] (alumniId, skillId, certName, certDate)Values ( 'alm0044','skill003','','')
INSERT INTO [dbo].[Certification] (alumniId, skillId, certName, certDate)Values ( 'alm0045','skill001','','')
INSERT INTO [dbo].[Certification] (alumniId, skillId, certName, certDate)Values ( 'alm0045','skill002','','')
INSERT INTO [dbo].[Certification] (alumniId, skillId, certName, certDate)Values ( 'alm0045','skill016','','')
INSERT INTO [dbo].[Certification] (alumniId, skillId, certName, certDate)Values ( 'alm0046','skill004','','')
INSERT INTO [dbo].[Certification] (alumniId, skillId, certName, certDate)Values ( 'alm0046','skill022','','')
INSERT INTO [dbo].[Certification] (alumniId, skillId, certName, certDate)Values ( 'alm0046','skill024','','')
INSERT INTO [dbo].[Certification] (alumniId, skillId, certName, certDate)Values ( 'alm0087','skill007','','')
INSERT INTO [dbo].[Certification] (alumniId, skillId, certName, certDate)Values ( 'alm0087','skill001','','')
INSERT INTO [dbo].[Certification] (alumniId, skillId, certName, certDate)Values ( 'alm0087','skill011','','')
INSERT INTO [dbo].[Certification] (alumniId, skillId, certName, certDate)Values ( 'alm0086','skill001','','')
INSERT INTO [dbo].[Certification] (alumniId, skillId, certName, certDate)Values ( 'alm0086','skill007','','')
INSERT INTO [dbo].[Certification] (alumniId, skillId, certName, certDate)Values ( 'alm0086','skill005','','')
INSERT INTO [dbo].[Certification] (alumniId, skillId, certName, certDate)Values ( 'alm0085','skill001','','')
INSERT INTO [dbo].[Certification] (alumniId, skillId, certName, certDate)Values ( 'alm0085','skill007','','')
INSERT INTO [dbo].[Certification] (alumniId, skillId, certName, certDate)Values ( 'alm0084','skill004','','')
INSERT INTO [dbo].[Certification] (alumniId, skillId, certName, certDate)Values ( 'alm0083','skill007','','')
INSERT INTO [dbo].[Certification] (alumniId, skillId, certName, certDate)Values ( 'alm0083','skill008','','')
INSERT INTO [dbo].[Certification] (alumniId, skillId, certName, certDate)Values ( 'alm0083','skill002','R Programming: Advanced Analytics In R For Data Science','')
INSERT INTO [dbo].[Certification] (alumniId, skillId, certName, certDate)Values ( 'alm0082','skill001','','')
INSERT INTO [dbo].[Certification] (alumniId, skillId, certName, certDate)Values ( 'alm0082','skill005','','')
INSERT INTO [dbo].[Certification] (alumniId, skillId, certName, certDate)Values ( 'alm0082','skill002','','')
INSERT INTO [dbo].[Certification] (alumniId, skillId, certName, certDate)Values ( 'alm0081','skill004','','')
INSERT INTO [dbo].[Certification] (alumniId, skillId, certName, certDate)Values ( 'alm0081','skill003','','')
INSERT INTO [dbo].[Certification] (alumniId, skillId, certName, certDate)Values ( 'alm0080','skill007','','')
INSERT INTO [dbo].[Certification] (alumniId, skillId, certName, certDate)Values ( 'alm0080','skill008','','')
INSERT INTO [dbo].[Certification] (alumniId, skillId, certName, certDate)Values ( 'alm0080','skill001','','')
INSERT INTO [dbo].[Certification] (alumniId, skillId, certName, certDate)Values ( 'alm0079','skill001','','')
INSERT INTO [dbo].[Certification] (alumniId, skillId, certName, certDate)Values ( 'alm0079','skill004','Python Data Structures','2016')
INSERT INTO [dbo].[Certification] (alumniId, skillId, certName, certDate)Values ( 'alm0079','skill003','Google Analytics','')
INSERT INTO [dbo].[Certification] (alumniId, skillId, certName, certDate)Values ( 'alm0078','skill002','','')
INSERT INTO [dbo].[Certification] (alumniId, skillId, certName, certDate)Values ( 'alm0078','skill004','','')
INSERT INTO [dbo].[Certification] (alumniId, skillId, certName, certDate)Values ( 'alm0078','skill005','','')
INSERT INTO [dbo].[Certification] (alumniId, skillId, certName, certDate)Values ( 'alm0077','skill011','','')
INSERT INTO [dbo].[Certification] (alumniId, skillId, certName, certDate)Values ( 'alm0077','skill003','','')
INSERT INTO [dbo].[Certification] (alumniId, skillId, certName, certDate)Values ( 'alm0077','skill001','','')
INSERT INTO [dbo].[Certification] (alumniId, skillId, certName, certDate)Values ( 'alm0077','skill002','','')
INSERT INTO [dbo].[Certification] (alumniId, skillId, certName, certDate)Values ( 'alm0076','skill018','','')
INSERT INTO [dbo].[Certification] (alumniId, skillId, certName, certDate)Values ( 'alm0076','skill008','','')
INSERT INTO [dbo].[Certification] (alumniId, skillId, certName, certDate)Values ( 'alm0076','skill001','','')
INSERT INTO [dbo].[Certification] (alumniId, skillId, certName, certDate)Values ( 'alm0076','skill002','','')
INSERT INTO [dbo].[Certification] (alumniId, skillId, certName, certDate)Values ( 'alm0076','skill004','Introduction to Data Science in Python','2017')
INSERT INTO [dbo].[Certification] (alumniId, skillId, certName, certDate)Values ( 'alm0062','skill004','Python Data Structures','2016')
INSERT INTO [dbo].[Certification] (alumniId, skillId, certName, certDate)Values ( 'alm0062','skill011','Microsoft Excel - From Beginner to Advanced','2017')
INSERT INTO [dbo].[Certification] (alumniId, skillId, certName, certDate)Values ( 'alm0062','skill005','','')
INSERT INTO [dbo].[Certification] (alumniId, skillId, certName, certDate)Values ( 'alm0062','skill024','','')
INSERT INTO [dbo].[Certification] (alumniId, skillId, certName, certDate)Values ( 'alm0062','skill018','','')
INSERT INTO [dbo].[Certification] (alumniId, skillId, certName, certDate)Values ( 'alm0062','skill001','','')
INSERT INTO [dbo].[Certification] (alumniId, skillId, certName, certDate)Values ( 'alm0063','skill016','','')
INSERT INTO [dbo].[Certification] (alumniId, skillId, certName, certDate)Values ( 'alm0063','skill001','','')
INSERT INTO [dbo].[Certification] (alumniId, skillId, certName, certDate)Values ( 'alm0070','skill016','','')
INSERT INTO [dbo].[Certification] (alumniId, skillId, certName, certDate)Values ( 'alm0070','skill008','','')
INSERT INTO [dbo].[Certification] (alumniId, skillId, certName, certDate)Values ( 'alm0070','skill001','','')
INSERT INTO [dbo].[Certification] (alumniId, skillId, certName, certDate)Values ( 'alm0071','skill005','Core Java','')
INSERT INTO [dbo].[Certification] (alumniId, skillId, certName, certDate)Values ( 'alm0071','skill011','Microsoft Volumn','2014')
INSERT INTO [dbo].[Certification] (alumniId, skillId, certName, certDate)Values ( 'alm0071','skill019','','')
INSERT INTO [dbo].[Certification] (alumniId, skillId, certName, certDate)Values ( 'alm0072','skill021','ITIL  Foundation','2015')
INSERT INTO [dbo].[Certification] (alumniId, skillId, certName, certDate)Values ( 'alm0072','skill011','','')
INSERT INTO [dbo].[Certification] (alumniId, skillId, certName, certDate)Values ( 'alm0072','skill004','','')
INSERT INTO [dbo].[Certification] (alumniId, skillId, certName, certDate)Values ( 'alm0072','skill001','','')
INSERT INTO [dbo].[Certification] (alumniId, skillId, certName, certDate)Values ( 'alm0073','skill003','Google Analytics','2018')
INSERT INTO [dbo].[Certification] (alumniId, skillId, certName, certDate)Values ( 'alm0073','skill001','','')
INSERT INTO [dbo].[Certification] (alumniId, skillId, certName, certDate)Values ( 'alm0074','skill003','Google Analytics','')
INSERT INTO [dbo].[Certification] (alumniId, skillId, certName, certDate)Values ( 'alm0074','skill004','','')
INSERT INTO [dbo].[Certification] (alumniId, skillId, certName, certDate)Values ( 'alm0075','skill003','Serverless Data Analysis with Google BigQuery and Cloud Dataflow','2018')
INSERT INTO [dbo].[Certification] (alumniId, skillId, certName, certDate)Values ( 'alm0075','skill008','','')
INSERT INTO [dbo].[Certification] (alumniId, skillId, certName, certDate)Values ( 'alm0075','skill004','','')
INSERT INTO [dbo].[Certification] (alumniId, skillId, certName, certDate)Values ( 'alm0075','skill001','','')
INSERT INTO [dbo].[Certification] (alumniId, skillId, certName, certDate)Values ( 'alm0046','skill002','','')
INSERT INTO [dbo].[Certification] (alumniId, skillId, certName, certDate)Values ( 'alm0046','skill003','Google Analytics Certification','2017')
INSERT INTO [dbo].[Certification] (alumniId, skillId, certName, certDate)Values ( 'alm0047','skill001','','')
INSERT INTO [dbo].[Certification] (alumniId, skillId, certName, certDate)Values ( 'alm0047','skill003','Google Analytics Certification','2017')
INSERT INTO [dbo].[Certification] (alumniId, skillId, certName, certDate)Values ( 'alm0047','skill019','','')
INSERT INTO [dbo].[Certification] (alumniId, skillId, certName, certDate)Values ( 'alm0107','skill001','','')
INSERT INTO [dbo].[Certification] (alumniId, skillId, certName, certDate)Values ( 'alm0107','skill002','','')
INSERT INTO [dbo].[Certification] (alumniId, skillId, certName, certDate)Values ( 'alm0107','skill004','','')
INSERT INTO [dbo].[Certification] (alumniId, skillId, certName, certDate)Values ( 'alm0108','skill001','','')
INSERT INTO [dbo].[Certification] (alumniId, skillId, certName, certDate)Values ( 'alm0108','skill003','','')
INSERT INTO [dbo].[Certification] (alumniId, skillId, certName, certDate)Values ( 'alm0108','skill023','','')
INSERT INTO [dbo].[Certification] (alumniId, skillId, certName, certDate)Values ( 'alm0109','skill001','','')
INSERT INTO [dbo].[Certification] (alumniId, skillId, certName, certDate)Values ( 'alm0109','skill007','','')
INSERT INTO [dbo].[Certification] (alumniId, skillId, certName, certDate)Values ( 'alm0109','skill011','','')
INSERT INTO [dbo].[Certification] (alumniId, skillId, certName, certDate)Values ( 'alm0110','skill001','','')
INSERT INTO [dbo].[Certification] (alumniId, skillId, certName, certDate)Values ( 'alm0110','skill002','','')
INSERT INTO [dbo].[Certification] (alumniId, skillId, certName, certDate)Values ( 'alm0110','skill008','','')
INSERT INTO [dbo].[Certification] (alumniId, skillId, certName, certDate)Values ( 'alm0111','skill001','','')
INSERT INTO [dbo].[Certification] (alumniId, skillId, certName, certDate)Values ( 'alm0111','skill002','','')
INSERT INTO [dbo].[Certification] (alumniId, skillId, certName, certDate)Values ( 'alm0111','skill005','','')
INSERT INTO [dbo].[Certification] (alumniId, skillId, certName, certDate)Values ( 'alm0112','skill001','','')
INSERT INTO [dbo].[Certification] (alumniId, skillId, certName, certDate)Values ( 'alm0112','skill002','','')
INSERT INTO [dbo].[Certification] (alumniId, skillId, certName, certDate)Values ( 'alm0112','skill005','','')
INSERT INTO [dbo].[Certification] (alumniId, skillId, certName, certDate)Values ( 'alm0113','skill001','','')
INSERT INTO [dbo].[Certification] (alumniId, skillId, certName, certDate)Values ( 'alm0113','skill002','','')
INSERT INTO [dbo].[Certification] (alumniId, skillId, certName, certDate)Values ( 'alm0113','skill005','','')
INSERT INTO [dbo].[Certification] (alumniId, skillId, certName, certDate)Values ( 'alm0114','skill001','','')
INSERT INTO [dbo].[Certification] (alumniId, skillId, certName, certDate)Values ( 'alm0114','skill002','','')
INSERT INTO [dbo].[Certification] (alumniId, skillId, certName, certDate)Values ( 'alm0114','skill011','','')
INSERT INTO [dbo].[Certification] (alumniId, skillId, certName, certDate)Values ( 'alm0025','skill005','','')
INSERT INTO [dbo].[Certification] (alumniId, skillId, certName, certDate)Values ( 'alm0025','skill007','','')
INSERT INTO [dbo].[Certification] (alumniId, skillId, certName, certDate)Values ( 'alm0049','skill001','','')
INSERT INTO [dbo].[Certification] (alumniId, skillId, certName, certDate)Values ( 'alm0049','skill003','Google Analytics Certification','2017')
INSERT INTO [dbo].[Certification] (alumniId, skillId, certName, certDate)Values ( 'alm0048','skill024','','')
INSERT INTO [dbo].[Certification] (alumniId, skillId, certName, certDate)Values ( 'alm0048','skill004','','')
INSERT INTO [dbo].[Certification] (alumniId, skillId, certName, certDate)Values ( 'alm0026','skill001','','')
INSERT INTO [dbo].[Certification] (alumniId, skillId, certName, certDate)Values ( 'alm0027','skill001','','')
INSERT INTO [dbo].[Certification] (alumniId, skillId, certName, certDate)Values ( 'alm0027','skill002','Coursera Verified Certificates','2014')
INSERT INTO [dbo].[Certification] (alumniId, skillId, certName, certDate)Values ( 'alm0050','skill001','','')
INSERT INTO [dbo].[Certification] (alumniId, skillId, certName, certDate)Values ( 'alm0050','skill003','Google Analytics Certification','2017')
INSERT INTO [dbo].[Certification] (alumniId, skillId, certName, certDate)Values ( 'alm0050','skill004','','')
INSERT INTO [dbo].[Certification] (alumniId, skillId, certName, certDate)Values ( 'alm0028','skill002','','')
INSERT INTO [dbo].[Certification] (alumniId, skillId, certName, certDate)Values ( 'alm0028','skill004','','')
INSERT INTO [dbo].[Certification] (alumniId, skillId, certName, certDate)Values ( 'alm0029','skill001','','')
INSERT INTO [dbo].[Certification] (alumniId, skillId, certName, certDate)Values ( 'alm0029','skill002','','')
INSERT INTO [dbo].[Certification] (alumniId, skillId, certName, certDate)Values ( 'alm0051','skill001','','')
INSERT INTO [dbo].[Certification] (alumniId, skillId, certName, certDate)Values ( 'alm0051','skill002','Data Visualization in R with ggvis','2016')
INSERT INTO [dbo].[Certification] (alumniId, skillId, certName, certDate)Values ( 'alm0051','skill018','','')
INSERT INTO [dbo].[Certification] (alumniId, skillId, certName, certDate)Values ( 'alm0052','skill001','','')
INSERT INTO [dbo].[Certification] (alumniId, skillId, certName, certDate)Values ( 'alm0052','skill002','','')
INSERT INTO [dbo].[Certification] (alumniId, skillId, certName, certDate)Values ( 'alm0052','skill004','','')
INSERT INTO [dbo].[Certification] (alumniId, skillId, certName, certDate)Values ( 'alm0053','skill005','Java J2EE','2012')
INSERT INTO [dbo].[Certification] (alumniId, skillId, certName, certDate)Values ( 'alm0053','skill008','','')
INSERT INTO [dbo].[Certification] (alumniId, skillId, certName, certDate)Values ( 'alm0053','skill025','','')
INSERT INTO [dbo].[Certification] (alumniId, skillId, certName, certDate)Values ( 'alm0130','skill001','Tableau 9 For Data Science','2016')
INSERT INTO [dbo].[Certification] (alumniId, skillId, certName, certDate)Values ( 'alm0130','skill002','R Programming A-Z™: R For Data Science With Real Exercises','2016')
INSERT INTO [dbo].[Certification] (alumniId, skillId, certName, certDate)Values ( 'alm0130','skill026','Python for Data Analysis and Visualization','2016')
INSERT INTO [dbo].[Certification] (alumniId, skillId, certName, certDate)Values ( 'alm0054','skill005','','')
INSERT INTO [dbo].[Certification] (alumniId, skillId, certName, certDate)Values ( 'alm0054','skill007','','')
INSERT INTO [dbo].[Certification] (alumniId, skillId, certName, certDate)Values ( 'alm0054','skill018','','')
INSERT INTO [dbo].[Certification] (alumniId, skillId, certName, certDate)Values ( 'alm0131','skill001','','')
INSERT INTO [dbo].[Certification] (alumniId, skillId, certName, certDate)Values ( 'alm0131','skill002','','')
INSERT INTO [dbo].[Certification] (alumniId, skillId, certName, certDate)Values ( 'alm0131','skill011','','')
INSERT INTO [dbo].[Certification] (alumniId, skillId, certName, certDate)Values ( 'alm0055','skill005','','')
INSERT INTO [dbo].[Certification] (alumniId, skillId, certName, certDate)Values ( 'alm0055','skill023','','')
INSERT INTO [dbo].[Certification] (alumniId, skillId, certName, certDate)Values ( 'alm0055','skill027','SAS Certified Base Programmer for SAS 9','2017')
INSERT INTO [dbo].[Certification] (alumniId, skillId, certName, certDate)Values ( 'alm0132','skill001','','')
INSERT INTO [dbo].[Certification] (alumniId, skillId, certName, certDate)Values ( 'alm0132','skill002','','')
INSERT INTO [dbo].[Certification] (alumniId, skillId, certName, certDate)Values ( 'alm0132','skill008','','')
INSERT INTO [dbo].[Certification] (alumniId, skillId, certName, certDate)Values ( 'alm0056','skill001','','')
INSERT INTO [dbo].[Certification] (alumniId, skillId, certName, certDate)Values ( 'alm0056','skill002','','')
INSERT INTO [dbo].[Certification] (alumniId, skillId, certName, certDate)Values ( 'alm0056','skill004','','')
INSERT INTO [dbo].[Certification] (alumniId, skillId, certName, certDate)Values ( 'alm0057','skill001','','')
INSERT INTO [dbo].[Certification] (alumniId, skillId, certName, certDate)Values ( 'alm0057','skill018','','')
INSERT INTO [dbo].[Certification] (alumniId, skillId, certName, certDate)Values ( 'alm0057','skill025','','')
INSERT INTO [dbo].[Certification] (alumniId, skillId, certName, certDate)Values ( 'alm0133','skill002','','')
INSERT INTO [dbo].[Certification] (alumniId, skillId, certName, certDate)Values ( 'alm0133','skill003','Machine Learning','2016')
INSERT INTO [dbo].[Certification] (alumniId, skillId, certName, certDate)Values ( 'alm0133','skill004','','')
INSERT INTO [dbo].[Certification] (alumniId, skillId, certName, certDate)Values ( 'alm0058','skill001','','')
INSERT INTO [dbo].[Certification] (alumniId, skillId, certName, certDate)Values ( 'alm0058','skill002','','')
INSERT INTO [dbo].[Certification] (alumniId, skillId, certName, certDate)Values ( 'alm0134','skill001','','')
INSERT INTO [dbo].[Certification] (alumniId, skillId, certName, certDate)Values ( 'alm0134','skill002','','')
INSERT INTO [dbo].[Certification] (alumniId, skillId, certName, certDate)Values ( 'alm0134','skill003','','')
INSERT INTO [dbo].[Certification] (alumniId, skillId, certName, certDate)Values ( 'alm0059','skill001','','')
INSERT INTO [dbo].[Certification] (alumniId, skillId, certName, certDate)Values ( 'alm0059','skill002','R-Analytics Program','2015')
INSERT INTO [dbo].[Certification] (alumniId, skillId, certName, certDate)Values ( 'alm0059','skill004','','')
INSERT INTO [dbo].[Certification] (alumniId, skillId, certName, certDate)Values ( 'alm0135','skill001','','')
INSERT INTO [dbo].[Certification] (alumniId, skillId, certName, certDate)Values ( 'alm0135','skill002','R Programming License UDFB2CMBHP','2015')
INSERT INTO [dbo].[Certification] (alumniId, skillId, certName, certDate)Values ( 'alm0136','skill022','HTML, CSS and JavaScript','2016')
INSERT INTO [dbo].[Certification] (alumniId, skillId, certName, certDate)Values ( 'alm0136','skill002','R Programming','2016')
INSERT INTO [dbo].[Certification] (alumniId, skillId, certName, certDate)Values ( 'alm0136','skill028','Getting and Cleaning Data','2016')
INSERT INTO [dbo].[Certification] (alumniId, skillId, certName, certDate)Values ( 'alm0137','skill001','','')
INSERT INTO [dbo].[Certification] (alumniId, skillId, certName, certDate)Values ( 'alm0137','skill003','','')
INSERT INTO [dbo].[Certification] (alumniId, skillId, certName, certDate)Values ( 'alm0140','skill002','','')
INSERT INTO [dbo].[Certification] (alumniId, skillId, certName, certDate)Values ( 'alm0140','skill003','','')
INSERT INTO [dbo].[Certification] (alumniId, skillId, certName, certDate)Values ( 'alm0140','skill022','','')
INSERT INTO [dbo].[Certification] (alumniId, skillId, certName, certDate)Values ( 'alm0138','skill001','','')
INSERT INTO [dbo].[Certification] (alumniId, skillId, certName, certDate)Values ( 'alm0138','skill016','','')
INSERT INTO [dbo].[Certification] (alumniId, skillId, certName, certDate)Values ( 'alm0138','skill027','','')
INSERT INTO [dbo].[Certification] (alumniId, skillId, certName, certDate)Values ( 'alm0142','skill002','','')
INSERT INTO [dbo].[Certification] (alumniId, skillId, certName, certDate)Values ( 'alm0142','skill003','','')
INSERT INTO [dbo].[Certification] (alumniId, skillId, certName, certDate)Values ( 'alm0142','skill001','','')
INSERT INTO [dbo].[Certification] (alumniId, skillId, certName, certDate)Values ( 'alm0141','skill001','','')
INSERT INTO [dbo].[Certification] (alumniId, skillId, certName, certDate)Values ( 'alm0141','skill005','','')
INSERT INTO [dbo].[Certification] (alumniId, skillId, certName, certDate)Values ( 'alm0141','skill018','','')
INSERT INTO [dbo].[Certification] (alumniId, skillId, certName, certDate)Values ( 'alm0143','skill001','Oracle Certified Java Professional','2015')
INSERT INTO [dbo].[Certification] (alumniId, skillId, certName, certDate)Values ( 'alm0143','skill005','Retail Industry Generalist Certification','2014')
INSERT INTO [dbo].[Certification] (alumniId, skillId, certName, certDate)Values ( 'alm0143','skill003','','')
INSERT INTO [dbo].[Certification] (alumniId, skillId, certName, certDate)Values ( 'alm0144','skill001','','')
INSERT INTO [dbo].[Certification] (alumniId, skillId, certName, certDate)Values ( 'alm0144','skill016','','')
INSERT INTO [dbo].[Certification] (alumniId, skillId, certName, certDate)Values ( 'alm0144','skill029','','')
INSERT INTO [dbo].[Certification] (alumniId, skillId, certName, certDate)Values ( 'alm0146','skill001','Data Science and Machine Learning BootCamp in R','2017')
INSERT INTO [dbo].[Certification] (alumniId, skillId, certName, certDate)Values ( 'alm0146','skill002','Foundation of Data Science','2017')
INSERT INTO [dbo].[Certification] (alumniId, skillId, certName, certDate)Values ( 'alm0146','skill004','','')
INSERT INTO [dbo].[Certification] (alumniId, skillId, certName, certDate)Values ( 'alm0145','skill001','','')
INSERT INTO [dbo].[Certification] (alumniId, skillId, certName, certDate)Values ( 'alm0145','skill005','','')
INSERT INTO [dbo].[Certification] (alumniId, skillId, certName, certDate)Values ( 'alm0145','skill021','ITIL ® V3 Foundation Certificate in IT Service Management','2017')
INSERT INTO [dbo].[Certification] (alumniId, skillId, certName, certDate)Values ( 'alm0147','skill001','','')
INSERT INTO [dbo].[Certification] (alumniId, skillId, certName, certDate)Values ( 'alm0147','skill003','Data Analysis: Take it to the MAX()','2016')
INSERT INTO [dbo].[Certification] (alumniId, skillId, certName, certDate)Values ( 'alm0147','skill007','','')
INSERT INTO [dbo].[Certification] (alumniId, skillId, certName, certDate)Values ( 'alm0148','skill002','','')
INSERT INTO [dbo].[Certification] (alumniId, skillId, certName, certDate)Values ( 'alm0148','skill016','','')
INSERT INTO [dbo].[Certification] (alumniId, skillId, certName, certDate)Values ( 'alm0148','skill003','','')
INSERT INTO [dbo].[Certification] (alumniId, skillId, certName, certDate)Values ( 'alm0149','skill002','','')
INSERT INTO [dbo].[Certification] (alumniId, skillId, certName, certDate)Values ( 'alm0149','skill016','','')
INSERT INTO [dbo].[Certification] (alumniId, skillId, certName, certDate)Values ( 'alm0149','skill019','Microsoft MCSD 70486: Developing ASP.NET MVC Web Applications','')
INSERT INTO [dbo].[Certification] (alumniId, skillId, certName, certDate)Values ( 'alm0115','skill001','','')
INSERT INTO [dbo].[Certification] (alumniId, skillId, certName, certDate)Values ( 'alm0115','skill005','','')
INSERT INTO [dbo].[Certification] (alumniId, skillId, certName, certDate)Values ( 'alm0115','skill008','','')
INSERT INTO [dbo].[Certification] (alumniId, skillId, certName, certDate)Values ( 'alm0116','skill003','','')
INSERT INTO [dbo].[Certification] (alumniId, skillId, certName, certDate)Values ( 'alm0116','skill001','','')
INSERT INTO [dbo].[Certification] (alumniId, skillId, certName, certDate)Values ( 'alm0116','skill006','','')
INSERT INTO [dbo].[Certification] (alumniId, skillId, certName, certDate)Values ( 'alm0117','skill003','Hadoop Platform and Application Framework','2015')
INSERT INTO [dbo].[Certification] (alumniId, skillId, certName, certDate)Values ( 'alm0117','skill001','Data Visualization in R with ggvis','')
INSERT INTO [dbo].[Certification] (alumniId, skillId, certName, certDate)Values ( 'alm0117','skill028','Data Visualization in R with ggvis','')
INSERT INTO [dbo].[Certification] (alumniId, skillId, certName, certDate)Values ( 'alm0118','skill001','','')
INSERT INTO [dbo].[Certification] (alumniId, skillId, certName, certDate)Values ( 'alm0118','skill004','','')
INSERT INTO [dbo].[Certification] (alumniId, skillId, certName, certDate)Values ( 'alm0118','skill005','','')
INSERT INTO [dbo].[Certification] (alumniId, skillId, certName, certDate)Values ( 'alm0150','skill001','AMCAT Certified Business Analyst','2014')
INSERT INTO [dbo].[Certification] (alumniId, skillId, certName, certDate)Values ( 'alm0150','skill002','AMCAT Certified Business Consultant','2014')
INSERT INTO [dbo].[Certification] (alumniId, skillId, certName, certDate)Values ( 'alm0150','skill016','AMCAT Certified Data Processing Specialist','2014')
INSERT INTO [dbo].[Certification] (alumniId, skillId, certName, certDate)Values ( 'alm0151','skill001','Foundation Level Certificate in Software Testing','2013')
INSERT INTO [dbo].[Certification] (alumniId, skillId, certName, certDate)Values ( 'alm0151','skill005','AMCAT Certified Business Analyst','2009')
INSERT INTO [dbo].[Certification] (alumniId, skillId, certName, certDate)Values ( 'alm0151','skill018','AMCAT Certified Business Consultant','2009')
